especievalida,TOTAL
Abeillia abeillei,2188
Abeillia abeillei abeillei,64
Accipiter bicolor,368
Accipiter bicolor bicolor,12
Accipiter bicolor fidens,16
Accipiter chionogaster,20
Accipiter cooperii,40044
Accipiter gentilis,212
Accipiter gentilis apache,2
Accipiter gentilis atricapillus,10
Accipiter striatus,23404
Accipiter striatus madrensis,28
Accipiter striatus striatus,2
Accipiter striatus suttoni,38
Accipiter striatus velox,290
Actitis hypoleucos,4
Actitis macularius,102510
Aechmophorus clarkii,4960
Aechmophorus clarkii clarkii,10
Aechmophorus occidentalis,11776
Aechmophorus occidentalis ephemeralis,8
Aechmophorus occidentalis occidentalis,4
Aegolius acadicus,502
Aegolius acadicus acadicus,24
Aegolius ridgwayi,260
Aeronautes saxatalis,9652
Aeronautes saxatalis nigrior,26
Aeronautes saxatalis saxatalis,96
Aethia cristatella,2
Agamia agami,364
Agapornis personatus,30
Agapornis roseicollis,36
Agelaius phoeniceus,56230
Agelaius phoeniceus gubernator,1748
Agelaius phoeniceus megapotamus,42
Agelaius phoeniceus nelsoni,78
Agelaius phoeniceus neutralis,214
Agelaius phoeniceus nevadensis,28
Agelaius phoeniceus nyaritensis,64
Agelaius phoeniceus phoeniceus,14
Agelaius phoeniceus richmondi,228
Agelaius phoeniceus sonoriensis,244
Agelaius tricolor,580
Aimophila notosticta,1528
Aimophila rufescens,17000
Aimophila rufescens mcleodii,64
Aimophila rufescens pectoralis,38
Aimophila rufescens pyrgitoides,94
Aimophila rufescens rufescens,448
Aimophila ruficeps,14706
Aimophila ruficeps australis,142
Aimophila ruficeps boucardi,230
Aimophila ruficeps canescens,62
Aimophila ruficeps duponti,12
Aimophila ruficeps eremoeca,82
Aimophila ruficeps extima,6
Aimophila ruficeps fusca,110
Aimophila ruficeps ruficeps,12
Aimophila ruficeps rupicola,2
Aimophila ruficeps sanctorum,40
Aimophila ruficeps scottii,144
Aimophila ruficeps simulans,56
Aimophila ruficeps sororia,352
Aix galericulata,4
Aix sponsa,1956
Alectoris chukar,6
Alopochen aegyptiaca,28
Amaurolimnas concolor,112
Amaurolimnas concolor castaneus,6
Amaurolimnas concolor guatemalensis,12
Amaurospiza concolor,368
Amaurospiza concolor concolor,44
Amaurospiza concolor relicta,130
Amazilia rutila,76542
Amazilia rutila corallirostris,72
Amazilia rutila diluta,24
Amazilia rutila graysoni,110
Amazilia rutila rutila,294
Amazilia tzacatl,12384
Amazilia tzacatl tzacatl,352
Amazilia yucatanensis,30738
Amazilia yucatanensis cerviniventris,116
Amazilia yucatanensis chalconota,126
Amazilia yucatanensis yucatanensis,1434
Amazona aestiva,2
Amazona albifrons,52782
Amazona albifrons albifrons,116
Amazona albifrons nana,110
Amazona albifrons saltuensis,210
Amazona auropalliata,198
Amazona auropalliata auropalliata,6
Amazona autumnalis,19626
Amazona autumnalis autumnalis,116
Amazona farinosa,2462
Amazona farinosa guatemalae,152
Amazona finschi,1788
Amazona ochrocephala,18
Amazona oratrix,1028
Amazona oratrix oratrix,16
Amazona oratrix tresmariae,94
Amazona viridigenalis,616
Amazona xantholora,646
Amblycercus holosericeus,17290
Amblycercus holosericeus holosericeus,190
Ammodramus caudacutus,4
Ammodramus savannarum,6558
Ammodramus savannarum bimaculatus,126
Ammodramus savannarum perpallidus,126
Ammodramus savannarum pratensis,156
Ammospiza leconteii,8
Ammospiza maritima,6
Ammospiza nelsoni,10
Amphispiza bilineata,17942
Amphispiza bilineata bangsi,292
Amphispiza bilineata belvederei,38
Amphispiza bilineata bilineata,208
Amphispiza bilineata cana,56
Amphispiza bilineata carmenae,8
Amphispiza bilineata deserticola,484
Amphispiza bilineata grisea,208
Amphispiza bilineata opuntia,24
Amphispiza bilineata pacifica,32
Amphispiza bilineata tortugae,98
Amphispizopsis quinquestriata,1278
Anabacerthia striaticollis,10
Anabacerthia variegaticeps,3372
Anabacerthia variegaticeps schaldachi,2
Anabacerthia variegaticeps variegaticeps,620
Anas acuta,21250
Anas crecca,21106
Anas crecca carolinensis,2658
Anas crecca crecca,4
Anas diazi,30210
Anas fulvigula,710
Anas fulvigula maculosa,2
Anas platyrhynchos,12194
Anhinga anhinga,32596
Anhinga anhinga anhinga,2
Anhinga anhinga leucogaster,46
Anous minutus,16
Anous stolidus,838
Anous stolidus ridgwayi,104
Anous stolidus stolidus,12
Anser albifrons,2542
Anser albifrons albifrons,10
Anser albifrons frontalis,2
Anser albifrons gambeli,2
Anser anser,1754
Anser caerulescens,3106
Anser cygnoides,48
Anser indicus,2
Anser rossii,882
Anthracothorax prevostii,10842
Anthracothorax prevostii prevostii,180
Anthracothorax veraguensis,24
Anthus cervinus,140
Anthus hodgsoni,4
Anthus rubescens,13688
Anthus rubescens alticola,16
Anthus rubescens japonicus,22
Anthus rubescens rubescens,200
Anthus spinoletta,16
Anthus spragueii,948
Antigone canadensis,1194
Antrostomus arizonae,5536
Antrostomus arizonae arizonae,68
Antrostomus arizonae chiapensis,18
Antrostomus arizonae oaxacae,38
Antrostomus arizonae setosus,4
Antrostomus badius,1104
Antrostomus carolinensis,314
Antrostomus ridgwayi,3828
Antrostomus ridgwayi ridgwayi,234
Antrostomus ridgwayi troglodytes,2
Antrostomus salvini,524
Antrostomus sericocaudatus,2
Antrostomus vociferus,378
Aphelocoma californica,16790
Aphelocoma californica cactophila,52
Aphelocoma californica californica,8
Aphelocoma californica hypoleuca,1016
Aphelocoma californica obscura,552
Aphelocoma coerulescens,956
Aphelocoma ultramarina,6526
Aphelocoma ultramarina colimae,152
Aphelocoma ultramarina ultramarina,288
Aphelocoma unicolor,3442
Aphelocoma unicolor concolor,8
Aphelocoma unicolor guerrerensis,254
Aphelocoma unicolor oaxacae,64
Aphelocoma unicolor unicolor,168
Aphelocoma wollweberi,12110
Aphelocoma wollweberi arizonae,300
Aphelocoma wollweberi couchii,68
Aphelocoma wollweberi gracilis,4
Aphelocoma wollweberi potosina,40
Aphelocoma wollweberi wollweberi,34
Aphelocoma woodhouseii,13968
Aphelocoma woodhouseii grisea,20
Aphelocoma woodhouseii remota,90
Aphelocoma woodhouseii sumichrasti,68
Aquila chrysaetos,1982
Aquila chrysaetos canadensis,6
Ara ararauna,10
Ara chloropterus,2
Ara macao,248
Ara militaris,9396
Ara militaris mexicanus,62
Ara militaris militaris,8
Aramides albiventris,12366
Aramides axillaris,1838
Aramides cajanea,246
Aramides cajanea albiventris,24
Aramides cajanea vanrossemi,12
Aramus guarauna,17016
Aramus guarauna dolosus,50
Archilochus alexandri,11410
Archilochus colubris,33880
Ardea alba,189842
Ardea alba alba,2
Ardea alba egretta,9424
Ardea herodias,127968
Ardea herodias herodias,178
Ardea herodias occidentalis,1396
Ardea herodias santilucae,626
Ardenna bulleri,20
Ardenna carneipes,34
Ardenna creatopus,1812
Ardenna gravis,8
Ardenna grisea,1862
Ardenna pacifica,1046
Ardenna tenuirostris,92
Arenaria interpres,25384
Arenaria melanocephala,3792
Arremon aurantiirostris,2222
Arremon aurantiirostris saturatus,82
Arremon brunneinucha,11498
Arremon brunneinucha apertus,244
Arremon brunneinucha brunneinucha,42
Arremon brunneinucha macrourus,34
Arremon brunneinucha suttoni,42
Arremon torquatus,38
Arremon virenticeps,6616
Arremonops chloronotus,9152
Arremonops chloronotus chloronotus,58
Arremonops rufivirgatus,30954
Arremonops rufivirgatus chiapensis,52
Arremonops rufivirgatus crassirostris,94
Arremonops rufivirgatus rhyptothorax,6
Arremonops rufivirgatus ridgwayi,38
Arremonops rufivirgatus rufivirgatus,158
Arremonops rufivirgatus sinaloae,10
Arremonops rufivirgatus sumichrasti,66
Arremonops rufivirgatus verticalis,102
Artemisiospiza belli,2688
Artemisiospiza belli belli,392
Artemisiospiza belli canescens,16
Artemisiospiza belli cinerea,76
Artemisiospiza nevadensis,134
Asio clamator,1110
Asio flammeus,1006
Asio flammeus flammeus,58
Asio otus,278
Asio otus wilsonianus,48
Asio stygius,604
Asio stygius lambi,14
Asio stygius robustus,2
Aspatha gularis,2728
Athene cunicularia,9008
Athene cunicularia hypugaea,168
Athene cunicularia rostrata,62
Atlapetes albinucha,3990
Atlapetes albinucha albinucha,574
Atlapetes albinucha fuscipygius,8
Atlapetes albinucha griseipectus,46
Atlapetes albinucha gutturalis,124
Atlapetes pileatus,14902
Atlapetes pileatus dilutus,174
Atlapetes pileatus pileatus,412
Atticora pileata,2940
Attila flammulatus,4
Attila spadiceus,20580
Attila spadiceus cozumelae,20
Attila spadiceus gaumeri,54
Attila spadiceus pacificus,190
Aulacorhynchus prasinus,8888
Aulacorhynchus prasinus prasinus,160
Aulacorhynchus prasinus virescens,88
Aulacorhynchus prasinus wagleri,1008
Aulacorhynchus wagleri,164
Auriparus flaviceps,48184
Auriparus flaviceps acaciarum,190
Auriparus flaviceps flaviceps,906
Auriparus flaviceps hidalgensis,4
Auriparus flaviceps lamprocephalus,142
Auriparus flaviceps ornatus,172
Automolus ochrolaemus,2452
Automolus ochrolaemus cervinigularis,604
Aythya affinis,18028
Aythya americana,9580
Aythya collaris,9406
Aythya marila,376
Aythya marila nearctica,8
Aythya valisineria,2490
Baeolophus atricristatus,12916
Baeolophus atricristatus atricristatus,34
Baeolophus atricristatus paloduro,34
Baeolophus inornatus,3054
Baeolophus inornatus affabilis,188
Baeolophus inornatus cineraceus,76
Baeolophus wollweberi,8056
Baeolophus wollweberi phillipsi,68
Baeolophus wollweberi wollweberi,200
Barnardius zonarius barnardi,2
Bartramia longicauda,1592
Basileuterus belli,18600
Basileuterus belli bateli,124
Basileuterus belli belli,220
Basileuterus belli clarus,130
Basileuterus belli scitulus,104
Basileuterus culicivorus,21988
Basileuterus culicivorus brasierii,376
Basileuterus culicivorus culicivorus,476
Basileuterus culicivorus flavescens,24
Basileuterus delattrii,526
Basileuterus lachrymosus,9590
Basileuterus lachrymosus lachrymosus,8
Basileuterus lachrymosus tephrus,10
Basileuterus rufifrons,45314
Basileuterus rufifrons caudatus,194
Basileuterus rufifrons dugesi,508
Basileuterus rufifrons jouyi,268
Basileuterus rufifrons rufifrons,286
Basileuterus rufifrons salvini,234
Basilinna leucotis,49474
Basilinna leucotis borealis,26
Basilinna leucotis leucotis,724
Basilinna leucotis pygmaea,8
Basilinna xantusii,8618
Bolborhynchus lineola,938
Bolborhynchus lineola lineola,14
Bombycilla cedrorum,22348
Botaurus lentiginosus,1448
Botaurus pinnatus,2500
Botaurus pinnatus caribaeus,6
Brachyramphus brevirostris,4
Brachyramphus marmoratus,6
Branta bernicla,3520
Branta bernicla nigricans,4888
Branta canadensis,496
Branta canadensis moffitti,6
Branta hutchinsii,232
Branta hutchinsii hutchinsii,2
Branta hutchinsii leucopareia,232
Branta hutchinsii minima,12
Branta hutchinsii taverneri,4
Brotogeris jugularis,2828
Brotogeris jugularis jugularis,58
Bubo virginianus,9690
Bubo virginianus elachistus,122
Bubo virginianus mayensis,94
Bubo virginianus pacificus,34
Bubo virginianus pallescens,116
Bubo virginianus subarcticus,6
Bubo virginianus virginianus,2
Bubulcus ibis,111054
Bucephala albeola,11616
Bucephala clangula,1432
Bucephala clangula americana,34
Bucephala islandica,14
Bulweria bulwerii,2
Burhinus bistriatus,3798
Burhinus bistriatus bistriatus,52
Busarellus nigricollis,1836
Busarellus nigricollis nigricollis,22
Buteo albonotatus,23274
Buteo brachyurus,26142
Buteo brachyurus fuliginosus,26
Buteo jamaicensis,86260
Buteo jamaicensis borealis,32
Buteo jamaicensis calurus,342
Buteo jamaicensis costaricensis,52
Buteo jamaicensis fuertesi,50
Buteo jamaicensis fumosus,22
Buteo jamaicensis hadropus,56
Buteo jamaicensis harlani,18
Buteo jamaicensis jamaicensis,2
Buteo jamaicensis kemsiesi,8
Buteo jamaicensis socorroensis,72
Buteo lagopus,10
Buteo lineatus,7046
Buteo lineatus elegans,92
Buteo lineatus lineatus,8
Buteo lineatus texanus,6
Buteo nitidus plagiatus,260
Buteo plagiatus,66654
Buteo platypterus,14690
Buteo platypterus platypterus,856
Buteo regalis,1440
Buteo swainsoni,13510
Buteogallus anthracinus,31988
Buteogallus anthracinus anthracinus,300
Buteogallus anthracinus subtilis,20
Buteogallus solitarius,114
Buteogallus urubitinga,8154
Buteogallus urubitinga ridgwayi,194
Butorides virescens,101884
Butorides virescens anthonyi,190
Butorides virescens frazari,220
Butorides virescens virescens,138
Cacatua galerita,2
Cacatua moluccensis,2
Cairina moschata,12814
Calamospiza melanocorys,4600
Calcarius lapponicus,66
Calcarius lapponicus lapponicus,2
Calcarius ornatus,1238
Calidris acuminata,4
Calidris alba,26456
Calidris alpina,8938
Calidris alpina pacifica,196
Calidris alpina sakhalina,14
Calidris bairdii,3434
Calidris canutus,3456
Calidris canutus canutus,2
Calidris canutus roselaari,2
Calidris canutus rufa,28
Calidris ferruginea,4
Calidris fuscicollis,820
Calidris himantopus,6412
Calidris maritima,42
Calidris mauri,27202
Calidris melanotos,2716
Calidris minuta,10
Calidris minutilla,50392
Calidris pugnax,88
Calidris pusilla,3914
Calidris subruficollis,72
Calidris virgata,2322
Callipepla californica,17700
Callipepla californica achrustera,270
Callipepla californica californica,82
Callipepla californica catalinensis,12
Callipepla douglasii,9362
Callipepla douglasii bensoni,418
Callipepla douglasii douglasii,556
Callipepla douglasii teres,22
Callipepla gambelii,6370
Callipepla gambelii fulvipectus,160
Callipepla gambelii gambelii,230
Callipepla squamata,4454
Callipepla squamata castanogastris,88
Callipepla squamata pallida,74
Callipepla squamata squamata,288
Calocitta colliei,26502
Calocitta formosa,25730
Calocitta formosa azurea,80
Calocitta formosa formosa,356
Calocitta formosa pompata,152
Calonectris diomedea,6
Calonectris diomedea borealis,2
Calothorax lucifer,4604
Calothorax pulcher,1180
Calypte anna,21326
Calypte costae,20224
Campephilus guatemalensis,21110
Campephilus guatemalensis guatemalensis,306
Campephilus guatemalensis nelsoni,158
Campephilus guatemalensis regius,102
Campephilus imperialis,416
Camptostoma imberbe,34884
Camptostoma imberbe imberbe,84
Camptostoma imberbe ridgwayi,128
Campylopterus hemileucurus,6074
Campylopterus hemileucurus hemileucurus,408
Campylorhynchus brunneicapillus,46862
Campylorhynchus brunneicapillus affinis,1118
Campylorhynchus brunneicapillus brunneicapillus,318
Campylorhynchus brunneicapillus bryanti,374
Campylorhynchus brunneicapillus couesi,350
Campylorhynchus brunneicapillus guttatus,268
Campylorhynchus brunneicapillus purus,244
Campylorhynchus brunneicapillus sandiegensis,4
Campylorhynchus brunneicapillus seri,54
Campylorhynchus capistratus,146
Campylorhynchus capistratus nigricaudatus,6
Campylorhynchus chiapensis,3390
Campylorhynchus griseus,6
Campylorhynchus gularis,10082
Campylorhynchus jocosus,6554
Campylorhynchus megalopterus,7062
Campylorhynchus megalopterus megalopterus,284
Campylorhynchus megalopterus nelsoni,126
Campylorhynchus rufinucha,16900
Campylorhynchus rufinucha humilis,2088
Campylorhynchus rufinucha rufinucha,1488
Campylorhynchus yucatanicus,5042
Campylorhynchus zonatus,35670
Campylorhynchus zonatus restrictus,296
Campylorhynchus zonatus vulcanius,228
Campylorhynchus zonatus zonatus,448
Cantorchilus modestus,4274
Cantorchilus modestus modestus,44
Caprimulgus pectoralis,2
Caracara lutosa,42
Caracara plancus,212
Caracara plancus cheriway,80600
Cardellina canadensis,2808
Cardellina pusilla,152172
Cardellina pusilla chryseola,230
Cardellina pusilla pileolata,460
Cardellina pusilla pusilla,246
Cardellina rubra,19298
Cardellina rubra melanauris,160
Cardellina rubra rubra,84
Cardellina rubrifrons,7370
Cardellina versicolor,1644
Cardinalis cardinalis,61332
Cardinalis cardinalis affinis,244
Cardinalis cardinalis canicaudus,250
Cardinalis cardinalis carneus,738
Cardinalis cardinalis clintoni,28
Cardinalis cardinalis coccineus,40
Cardinalis cardinalis flammiger,26
Cardinalis cardinalis igneus,742
Cardinalis cardinalis littoralis,20
Cardinalis cardinalis mariae,204
Cardinalis cardinalis phillipsi,18
Cardinalis cardinalis saturatus,56
Cardinalis cardinalis seftoni,44
Cardinalis cardinalis sinaloensis,6
Cardinalis cardinalis superbus,128
Cardinalis cardinalis townsendi,50
Cardinalis cardinalis yucatanicus,164
Cardinalis sinuatus,19258
Cardinalis sinuatus fulvescens,154
Cardinalis sinuatus peninsulae,332
Cardinalis sinuatus sinuatus,192
Caryothraustes canadensis,4
Caryothraustes poliogaster,4318
Caryothraustes poliogaster poliogaster,134
Cassiculus melanicterus,60844
Cathartes aura,324204
Cathartes aura aura,420
Cathartes aura septentrionalis,4
Cathartes burrovianus,16702
Catharus aurantiirostris,23306
Catharus aurantiirostris aenopennis,8
Catharus aurantiirostris bangsi,2
Catharus aurantiirostris clarus,464
Catharus aurantiirostris melpomene,146
Catharus dryas,2258
Catharus dryas dryas,2
Catharus dryas harrisoni,12
Catharus dryas ovandensis,54
Catharus frantzii,5806
Catharus frantzii alticola,110
Catharus frantzii chiapensis,20
Catharus frantzii nelsoni,2
Catharus frantzii omiltemensis,78
Catharus fuscescens,546
Catharus fuscescens fuliginosus,6
Catharus fuscescens fuscescens,16
Catharus fuscescens salicicola,6
Catharus guttatus,16842
Catharus guttatus auduboni,420
Catharus guttatus guttatus,158
Catharus guttatus nanus,70
Catharus guttatus polionotus,14
Catharus guttatus sequoiensis,34
Catharus guttatus slevini,82
Catharus mexicanus,3254
Catharus mexicanus cantator,46
Catharus mexicanus mexicanus,134
Catharus minimus,674
Catharus minimus aliciae,2
Catharus minimus minimus,58
Catharus occidentalis,14334
Catharus occidentalis fulvescens,720
Catharus occidentalis lambi,8
Catharus occidentalis occidentalis,84
Catharus occidentalis olivascens,74
Catharus ustulatus,15314
Catharus ustulatus incanus,82
Catharus ustulatus oedicus,20
Catharus ustulatus phillipsi,40
Catharus ustulatus swainsoni,254
Catharus ustulatus ustulatus,186
Catherpes mexicanus,43588
Catherpes mexicanus cantator,4
Catherpes mexicanus conspersus,344
Catherpes mexicanus meliphonus,56
Catherpes mexicanus mexicanus,502
Catherpes mexicanus punctulatus,72
Celeus castaneus,2854
Centronyx bairdii,624
Cepphus columba,4
Cepphus columba columba,2
Ceratopipra mentalis,4024
Cercomacroides tyrannina,2792
Cerorhinca monocerata,330
Certhia americana,16510
Certhia americana albescens,426
Certhia americana alticola,152
Certhia americana americana,2
Certhia americana guerrerensis,10
Certhia americana jaliscensis,36
Certhia americana montana,6
Certhia americana occidentalis,2
Certhia americana pernigra,122
Certhia familiaris,64
Chaetura pelagica,1654
Chaetura vauxi,37824
Chaetura vauxi gaumeri,2832
Chaetura vauxi richmondi,74
Chaetura vauxi tamaulipensis,16
Chaetura vauxi vauxi,186
Chaetura vauxi warneri,4
Chalybura urochrysia,2
Chamaea fasciata,5492
Chamaea fasciata henshawi,330
Charadrius collaris,3254
Charadrius hiaticula,36
Charadrius melodus,708
Charadrius montanus,362
Charadrius morinellus,8
Charadrius nivosus,11954
Charadrius nivosus nivosus,334
Charadrius semipalmatus,27306
Charadrius vociferus,76218
Charadrius vociferus ternominatus,2
Charadrius vociferus vociferus,366
Charadrius wilsonia,13766
Charadrius wilsonia beldingi,934
Charadrius wilsonia wilsonia,28
Chiroxiphia linearis,2490
Chiroxiphia linearis fastuosa,6
Chiroxiphia linearis linearis,180
Chlidonias niger,4020
Chlidonias niger surinamensis,344
Chlorestes candida,19262
Chlorestes candida candida,294
Chlorestes candida pacifica,2
Chlorestes eliciae,250
Chloroceryle aenea,4276
Chloroceryle aenea stictoptera,178
Chloroceryle amazona,8928
Chloroceryle americana,39050
Chloroceryle americana hachisukai,282
Chloroceryle americana septentrionalis,954
Chlorophanes spiza,1736
Chlorophanes spiza guatemalensis,42
Chlorophonia elegantissima,19376
Chlorophonia occipitalis,3998
Chlorospingus flavopectus,18872
Chlorospingus flavopectus albifrons,672
Chlorospingus flavopectus dwighti,22
Chlorospingus flavopectus ophthalmicus,1486
Chlorospingus flavopectus persimilis,4
Chlorospingus flavopectus postocularis,124
Chlorospingus flavopectus wetmorei,4
Chlorospingus pileatus,2
Chondestes grammacus,45122
Chondestes grammacus grammacus,46
Chondestes grammacus strigatus,504
Chondrohierax uncinatus,6996
Chondrohierax uncinatus uncinatus,212
Chordeiles acutipennis,19432
Chordeiles acutipennis littoralis,32
Chordeiles acutipennis micromeris,320
Chordeiles acutipennis texensis,562
Chordeiles minor,2226
Chordeiles minor aserriensis,14
Chordeiles minor chapmani,10
Chordeiles minor henryi,88
Chordeiles minor hesperis,8
Chordeiles minor howelli,10
Chordeiles minor minor,4
Chordeiles minor neotropicalis,32
Chroicocephalus philadelphia,6622
Chrysomus icterocephalus,4
Cinclus mexicanus,1686
Cinclus mexicanus anthonyi,20
Cinclus mexicanus dickermani,10
Cinclus mexicanus mexicanus,56
Circus cyaneus hudsonius,82
Circus hudsonius,29474
Cistothorus palustris,15580
Cistothorus palustris aestuarinus,48
Cistothorus palustris dissaeptus,4
Cistothorus palustris iliacus,12
Cistothorus palustris laingi,56
Cistothorus palustris paludicola,60
Cistothorus palustris palustris,2
Cistothorus palustris plesius,118
Cistothorus palustris pulverius,4
Cistothorus palustris tolucensis,42
Cistothorus platensis,3306
Cistothorus platensis elegans,42
Cistothorus platensis jalapensis,10
Cistothorus platensis potosinus,4
Cistothorus platensis tinnulus,50
Cistothorus platensis warneri,8
Cistothorus stellaris,40
Clangula hyemalis,178
Claravis pretiosa,5882
Clibanornis rubiginosus,2268
Coccothraustes abeillei,5226
Coccothraustes vespertinus,366
Coccyzus americanus,7140
Coccyzus cinereus,2
Coccyzus erythropthalmus,460
Coccyzus minor,6132
Cochlearius cochlearius,10160
Cochlearius cochlearius phillipsi,12
Cochlearius cochlearius ridgwayi,16
Cochlearius cochlearius zeledoni,116
Coereba flaveola,12456
Coereba flaveola caboti,4186
Coereba flaveola flaveola,2
Coereba flaveola mexicana,118
Colaptes aeruginosus,40
Colaptes auratus,26768
Colaptes auratus auratus,10
Colaptes auratus cafer,116
Colaptes auratus collaris,530
Colaptes auratus mexicanoides,1696
Colaptes auratus mexicanus,580
Colaptes auratus nanus,176
Colaptes auratus rufipileus,150
Colaptes auricularis,4742
Colaptes chrysoides,10600
Colaptes chrysoides brunnescens,236
Colaptes chrysoides chrysoides,504
Colaptes chrysoides mearnsi,60
Colaptes chrysoides tenebrosus,38
Colaptes rubiginosus,17062
Colaptes rubiginosus aeruginosus,2076
Colaptes rubiginosus coloratus,6
Colaptes rubiginosus rubiginosus,2
Colaptes rubiginosus yucatanensis,72
Colibri coruscans,2
Colibri serrirostris,8
Colibri thalassinus,10046
Colinus nigrogularis,9064
Colinus nigrogularis caboti,168
Colinus nigrogularis nigrogularis,28
Colinus nigrogularis persiccus,94
Colinus virginianus,10634
Colinus virginianus aridus,64
Colinus virginianus atriceps,20
Colinus virginianus coyolcos,60
Colinus virginianus godmani,8
Colinus virginianus graysoni,182
Colinus virginianus harrisoni,2
Colinus virginianus insignis,138
Colinus virginianus maculatus,134
Colinus virginianus minor,26
Colinus virginianus nigripectus,72
Colinus virginianus pectoralis,14
Colinus virginianus ridgwayi,458
Colinus virginianus salvini,16
Colinus virginianus texanus,106
Colinus virginianus thayeri,38
Columba livia,138354
Columba livia intermedia,2
Columba livia livia,10
Columbina inca,241944
Columbina minuta,1876
Columbina minuta interrupta,16
Columbina passerina,72992
Columbina passerina pallescens,940
Columbina passerina passerina,6
Columbina passerina socorroensis,104
Columbina talpacoti,106766
Columbina talpacoti eluta,96
Columbina talpacoti rufipennis,302
Contopus cinereus,11470
Contopus cinereus brachytarsus,136
Contopus cooperi,6546
Contopus fumigatus,116
Contopus lugubris,4
Contopus nigrescens,6
Contopus pertinax,54454
Contopus pertinax pallidiventris,502
Contopus pertinax pertinax,3666
Contopus sordidulus,15240
Contopus sordidulus griscomi,2
Contopus sordidulus peninsulae,276
Contopus sordidulus saturatus,26
Contopus sordidulus sordidulus,292
Contopus sordidulus veliei,300
Contopus virens,11134
Coragyps atratus,237478
Corthylio calendula,59384
Corthylio calendula obscurus,220
Corvus brachyrhynchos,7390
Corvus brachyrhynchos hesperis,14
Corvus corax,68908
Corvus corax clarionensis,160
Corvus corax principalis,2
Corvus corax sinuatus,410
Corvus cryptoleucus,8806
Corvus imparatus,2348
Corvus macrorhynchos macrorhynchos,2
Corvus ossifragus,8
Corvus sinaloae,22944
Cotinga amabilis,834
Coturnicops noveboracensis,14
Coturnicops noveboracensis goldmani,8
Coturnix coturnix,6
Coturnix japonica,20
Crax rubra,3308
Crax rubra griscomi,10
Crax rubra rubra,134
Crotophaga ani,124
Crotophaga major,2
Crotophaga sulcirostris,132912
Crotophaga sulcirostris pallidula,60
Crotophaga sulcirostris sulcirostris,876
Crypturellus boucardi,3312
Crypturellus boucardi boucardi,90
Crypturellus cinnamomeus,12992
Crypturellus cinnamomeus cinnamomeus,12
Crypturellus cinnamomeus goldmani,176
Crypturellus cinnamomeus mexicanus,134
Crypturellus cinnamomeus occidentalis,236
Crypturellus cinnamomeus sallaei,62
Crypturellus cinnamomeus soconuscensis,60
Crypturellus cinnamomeus vicinior,14
Crypturellus soui,1968
Crypturellus soui meserythrus,46
Crypturellus soui modestus,8
Cyanerpes cyaneus,16612
Cyanerpes cyaneus carneipes,252
Cyanerpes cyaneus cyaneus,6
Cyanerpes lucidus,74
Cyanerpes lucidus lucidus,8
Cyanocitta cristata,2
Cyanocitta stelleri,20754
Cyanocitta stelleri azteca,114
Cyanocitta stelleri coronata,242
Cyanocitta stelleri diademata,420
Cyanocitta stelleri macrolopha,246
Cyanocitta stelleri purpurea,46
Cyanocitta stelleri restricta,26
Cyanocitta stelleri stelleri,2
Cyanocompsa parellina,25674
Cyanocompsa parellina beneplacita,102
Cyanocompsa parellina indigotica,1036
Cyanocompsa parellina lucida,4
Cyanocompsa parellina parellina,234
Cyanocorax affinis,2
Cyanocorax beecheii,3728
Cyanocorax dickeyi,2132
Cyanocorax luxuosus,116
Cyanocorax luxuosus centralis,2
Cyanocorax luxuosus confusus,10
Cyanocorax luxuosus luxuosus,232
Cyanocorax luxuosus maya,30
Cyanocorax luxuosus speciosus,2
Cyanocorax luxuosus vividus,10
Cyanocorax melanocyaneus,2
Cyanocorax sanblasianus,14476
Cyanocorax sanblasianus nelsoni,90
Cyanocorax sanblasianus sanblasianus,112
Cyanocorax yncas,66170
Cyanocorax yncas guatimalensis,12
Cyanocorax yncas yncas,2
Cyanocorax yucatanicus,40988
Cyanocorax yucatanicus rivularis,20
Cyanocorax yucatanicus yucatanicus,86
Cyanoliseus patagonus,12
Cyanoliseus patagonus patagonus,4
Cyanoloxia cyanoides,2938
Cyanolyca cucullata,1072
Cyanolyca cucullata guatemalae,10
Cyanolyca cucullata mitrata,84
Cyanolyca mirabilis,1516
Cyanolyca nanus,1494
Cyanolyca pumilo,2036
Cyclarhis gujanensis,32908
Cyclarhis gujanensis flaviventris,102
Cyclarhis gujanensis insularis,1190
Cyclarhis gujanensis nicaraguae,34
Cyclarhis gujanensis ochrocephala,2
Cyclarhis gujanensis yucatanensis,90
Cygnus atratus,24
Cygnus buccinator,4
Cygnus columbianus,20
Cygnus columbianus columbianus,10
Cygnus melancoryphus,2
Cygnus olor,12
Cynanthus auriceps,6162
Cynanthus canivetii,16304
Cynanthus canivetii canivetii,1212
Cynanthus doubledayi,5350
Cynanthus forficatus,5328
Cynanthus latirostris,104800
Cynanthus latirostris latirostris,138
Cynanthus latirostris magicus,302
Cynanthus latirostris propinquus,104
Cynanthus lawrencei,108
Cypseloides niger,2548
Cypseloides niger borealis,36
Cypseloides niger costaricensis,50
Cypseloides storeri,58
Cyrtonyx montezumae,1632
Cyrtonyx montezumae mearnsi,408
Cyrtonyx montezumae merriami,4
Cyrtonyx montezumae montezumae,78
Cyrtonyx montezumae rowleyi,6
Cyrtonyx montezumae sallei,30
Cyrtonyx ocellatus,148
Dactylortyx thoracicus,5456
Dactylortyx thoracicus chiapensis,78
Dactylortyx thoracicus devius,12
Dactylortyx thoracicus dolichonyx,58
Dactylortyx thoracicus fuscus,2
Dactylortyx thoracicus melodus,10
Dactylortyx thoracicus paynteri,10
Dactylortyx thoracicus sharpei,52
Dactylortyx thoracicus thoracicus,12
Dendrocincla anabatina,4746
Dendrocincla anabatina anabatina,114
Dendrocincla anabatina typhla,64
Dendrocincla homochroa,3886
Dendrocincla homochroa homochroa,166
Dendrocolaptes certhia,288
Dendrocolaptes picumnus,94
Dendrocolaptes picumnus puncticollis,50
Dendrocolaptes sanctithomae,2766
Dendrocolaptes sanctithomae sanctithomae,32
Dendrocygna autumnalis,50600
Dendrocygna autumnalis autumnalis,16
Dendrocygna autumnalis fulgens,1836
Dendrocygna bicolor,6690
Dendrortyx barbatus,1206
Dendrortyx leucophrys,120
Dendrortyx macroura,3686
Dendrortyx macroura diversus,2
Dendrortyx macroura griseipectus,38
Dendrortyx macroura inesperatus,14
Dendrortyx macroura macroura,2
Dendrortyx macroura oaxacae,34
Dendrortyx macroura striatus,126
Diglossa baritula,21288
Diglossa baritula baritula,120
Diglossa baritula montana,76
Diomedea exulans,2
Dives dives,109056
Dolichonyx oryzivorus,322
Doricha eliza,6728
Doricha enicura,826
Dromococcyx phasianellus,3002
Dryobates arizonae,5046
Dryobates fumigatus,7342
Dryobates nuttallii,3092
Dryobates pubescens,48
Dryobates scalaris,92416
Dryobates scalaris cactophilus,86
Dryobates scalaris eremicus,72
Dryobates scalaris graysoni,18
Dryobates scalaris lucasanus,120
Dryobates scalaris parvus,26
Dryobates scalaris scalaris,114
Dryobates scalaris sinaloensis,88
Dryobates stricklandi,2352
Dryobates villosus,12156
Dryocopus lineatus,39988
Dryocopus lineatus scapularis,372
Dryocopus lineatus similis,328
Dumetella carolinensis,45956
Dysithamnus mentalis,448
Dysithamnus mentalis septentrionalis,36
Ectopistes migratorius,6
Egretta caerulea,70926
Egretta rufescens,35898
Egretta rufescens dickeyi,660
Egretta rufescens rufescens,28
Egretta thula,160804
Egretta thula brewsteri,932
Egretta thula thula,94
Egretta tricolor,66090
Egretta tricolor occidentalis,8
Egretta tricolor ruficollis,584
Elaenia flavogaster,8282
Elaenia flavogaster flavogaster,4
Elaenia flavogaster subpagana,166
Elaenia frantzii,120
Elaenia frantzii ultima,4
Elaenia martinica,2224
Elaenia martinica remota,82
Elanoides forficatus,3232
Elanoides forficatus forficatus,4
Elanoides forficatus yetapa,20
Elanus caeruleus,18
Elanus leucurus,25312
Elanus leucurus leucurus,2
Elanus leucurus majusculus,104
Electron carinatum,26
Elliotomyia chionogaster,2
Emberiza pusilla,4
Empidonax affinis,5726
Empidonax affinis affinis,300
Empidonax affinis bairdi,38
Empidonax affinis pulverius,348
Empidonax affinis trepidus,54
Empidonax affinis vigensis,4
Empidonax albigularis,4880
Empidonax albigularis albigularis,38
Empidonax albigularis australis,12
Empidonax albigularis timidus,64
Empidonax alnorum,1338
Empidonax difficilis,28460
Empidonax difficilis cineritius,558
Empidonax difficilis difficilis,384
Empidonax difficilis insulicola,14
Empidonax flavescens,3772
Empidonax flavescens imperturbatus,26
Empidonax flavescens salvini,154
Empidonax flaviventris,9502
Empidonax fulvifrons,15134
Empidonax fulvifrons brodkorbi,2
Empidonax fulvifrons fulvifrons,14
Empidonax fulvifrons fusciceps,54
Empidonax fulvifrons pygmaeus,430
Empidonax fulvifrons rubicundus,384
Empidonax hammondii,15066
Empidonax minimus,43904
Empidonax oberholseri,10250
Empidonax occidentalis,22664
Empidonax occidentalis hellmayri,160
Empidonax occidentalis occidentalis,70
Empidonax traillii,6594
Empidonax traillii adastus,20
Empidonax traillii brewsteri,208
Empidonax traillii extimus,6
Empidonax traillii traillii,124
Empidonax virescens,738
Empidonax wrightii,11164
Eremophila alpestris,13292
Eremophila alpestris enertera,410
Eucometis penicillata,3854
Eucometis penicillata cristata,2
Eucometis penicillata pallida,142
Eudocimus albus,71602
Eugenes fulgens,25786
Eumomota superciliosa,29688
Eumomota superciliosa bipartita,90
Eumomota superciliosa superciliosa,204
Euphagus carolinus,16
Euphagus cyanocephalus,14788
Eupherusa cyanophrys,1314
Eupherusa eximia,1252
Eupherusa eximia eximia,216
Eupherusa eximia nelsoni,102
Eupherusa poliocerca,874
Eupherusa ridgwayi,2060
Euphonia affinis,30396
Euphonia affinis affinis,248
Euphonia affinis godmani,136
Euphonia affinis olmecorum,24
Euphonia godmani,11376
Euphonia gouldi,3474
Euphonia gouldi gouldi,146
Euphonia hirundinacea,36632
Euphonia hirundinacea caribbaea,6
Euphonia hirundinacea hirundinacea,354
Euphonia minuta,30
Euphonia musica,300
Eupsittula canicularis,38636
Eupsittula nana,46882
Eupsittula nana astec,676
Euptilotis neoxenus,1064
Eurypyga helias major,4
Falco columbarius,14540
Falco columbarius columbarius,334
Falco columbarius richardsonii,58
Falco columbarius suckleyi,20
Falco femoralis,8236
Falco femoralis femoralis,2
Falco femoralis septentrionalis,64
Falco hypoleucos,2
Falco mexicanus,1888
Falco peregrinus,37296
Falco peregrinus anatum,528
Falco peregrinus pealei,4
Falco peregrinus tundrius,2
Falco rufigularis,16848
Falco rufigularis petoensis,106
Falco rufigularis rufigularis,72
Falco sparverius,103252
Falco sparverius paulus,6
Falco sparverius peninsularis,306
Falco sparverius sparverius,960
Falco sparverius tropicalis,24
Florisuga mellivora,904
Florisuga mellivora mellivora,76
Formicarius moniliger,5122
Formicarius moniliger intermedius,10
Formicarius moniliger moniliger,44
Formicarius moniliger pallidus,20
Forpus cyanopygius,892
Forpus cyanopygius cyanopygius,130
Forpus cyanopygius insularis,80
Fratercula cirrhata,2
Fregata aquila,8
Fregata ariel,2
Fregata magnificens,131998
Fregata minor,150
Fregata minor palmerstoni,14
Fregata minor ridgwayi,28
Fulica americana,69528
Fulica americana americana,146
Fulmarus glacialis,724
Fulmarus glacialis rodgersii,30
Fulmarus glacialoides,8
Galbula ruficauda,2834
Galbula ruficauda melanogenia,326
Gallinago delicata,7908
Gallinula chloropus cachinnans,78
Gallinula galeata,45346
Gallus gallus,164
Gallus gallus gallus,6
Gavia adamsii,14
Gavia arctica,8
Gavia immer,10048
Gavia pacifica,4236
Gavia stellata,998
Gelochelidon nilotica,8624
Gelochelidon nilotica vanrossemi,8
Geococcyx californianus,20462
Geococcyx velox,8530
Geothlypis beldingi,4126
Geothlypis beldingi beldingi,572
Geothlypis beldingi goldmani,184
Geothlypis flavovelata,526
Geothlypis formosa,6384
Geothlypis nelsoni,3892
Geothlypis nelsoni karlenae,24
Geothlypis nelsoni nelsoni,32
Geothlypis philadelphia,1698
Geothlypis poliocephala,17974
Geothlypis poliocephala caninucha,128
Geothlypis poliocephala palpebralis,144
Geothlypis poliocephala poliocephala,36
Geothlypis poliocephala pontilis,6
Geothlypis poliocephala ralphi,2
Geothlypis poliocephala ridgwayi,2
Geothlypis speciosa,1658
Geothlypis speciosa limnatis,22
Geothlypis speciosa speciosa,4
Geothlypis tolmiei,38140
Geothlypis tolmiei monticola,28
Geothlypis tolmiei tolmiei,92
Geothlypis trichas,71258
Geothlypis trichas arizela,20
Geothlypis trichas campicola,2
Geothlypis trichas chapalensis,180
Geothlypis trichas chryseola,66
Geothlypis trichas melanops,164
Geothlypis trichas modesta,76
Geothlypis trichas occidentalis,264
Geothlypis trichas riparia,2
Geothlypis trichas scirpicola,168
Geothlypis trichas sinuosa,10
Geothlypis trichas trichas,162
Geothlypis trichas typhicola,2
Geotrygon montana,3068
Geotrygon montana montana,72
Geranoaetus albicaudatus,9414
Geranospiza caerulescens,5082
Geranospiza caerulescens livens,26
Geranospiza caerulescens nigra,66
Glaucidium brasilianum,67916
Glaucidium gnoma,2632
Glaucidium gnoma cobanense,186
Glaucidium gnoma hoskinsii,352
Glaucidium griseiceps,408
Glaucidium palmarum,6020
Glaucidium sanchezi,622
Glyphorynchus spirurus,2124
Glyphorynchus spirurus pectoralis,22
Grallaria guatimalensis,932
Grallaria guatimalensis binfordi,4
Grallaria guatimalensis guatimalensis,118
Grallaria guatimalensis ochraceiventris,76
Granatellus sallaei,3534
Granatellus sallaei boucardi,152
Granatellus sallaei sallaei,54
Granatellus venustus,4348
Granatellus venustus francescae,106
Granatellus venustus venustus,378
Grus americana,2
Gygis alba,4
Gygis alba candida,2
Gymnogyps californianus,310
Gymnorhinus cyanocephalus,1314
Habia fuscicauda,27570
Habia fuscicauda insularis,228
Habia fuscicauda salvini,538
Habia gutturalis,324
Habia rubica,10896
Habia rubica affinis,140
Habia rubica holobrunnea,82
Habia rubica nelsoni,12
Habia rubica rosea,98
Habia rubica rubica,2
Habia rubica rubicoides,346
Haematopus bachmani,2360
Haematopus ostralegus,100
Haematopus palliatus,19318
Haematopus palliatus frazari,744
Haematopus palliatus palliatus,90
Haemorhous cassinii,686
Haemorhous mexicanus,226962
Haemorhous mexicanus amplus,1248
Haemorhous mexicanus centralis,48
Haemorhous mexicanus clementis,192
Haemorhous mexicanus coccineus,26
Haemorhous mexicanus frontalis,182
Haemorhous mexicanus griscomi,586
Haemorhous mexicanus mcgregori,60
Haemorhous mexicanus mexicanus,304
Haemorhous mexicanus potosinus,56
Haemorhous mexicanus roseipectus,32
Haemorhous mexicanus ruberrimus,194
Haemorhous mexicanus sonoriensis,28
Haemorhous purpureus,72
Haemorhous purpureus californicus,40
Haliaeetus leucocephalus,624
Haliaeetus leucocephalus leucocephalus,22
Hapalocrex flaviventer,104
Haplospiza rustica,30
Haplospiza rustica uniformis,8
Harpagus bidentatus,1068
Harpagus bidentatus fasciatus,20
Harpia harpyja,24
Heliomaster constantii,11846
Heliomaster constantii constantii,8
Heliomaster constantii leocadiae,198
Heliomaster constantii pinicola,48
Heliomaster longirostris,2080
Heliomaster longirostris longirostris,2
Heliomaster longirostris pallidiceps,128
Heliornis fulica,1118
Heliothryx barroti,570
Helmitheros vermivorum,5600
Henicorhina leucophrys,11688
Henicorhina leucophrys capitalis,100
Henicorhina leucophrys castanea,20
Henicorhina leucophrys festiva,94
Henicorhina leucophrys mexicana,80
Henicorhina leucophrys minuscula,6
Henicorhina leucosticta,14202
Henicorhina leucosticta leucosticta,2
Henicorhina leucosticta prostheleuca,556
Henicorhina leucosticta tropaea,6
Herpetotheres cachinnans,24708
Herpetotheres cachinnans cachinnans,56
Herpetotheres cachinnans chapmani,120
Himantopus mexicanus,79148
Hirundo rustica,126036
Hirundo rustica erythrogaster,10812
Hirundo rustica gutturalis,2
Histrionicus histrionicus,44
Hydrobates castro,4
Hydrobates cheimomnestes,22
Hydrobates furcatus,4
Hydrobates homochroa,96
Hydrobates leucorhous,1848
Hydrobates leucorhous chapmani,344
Hydrobates leucorhous willetti,598
Hydrobates macrodactylus,238
Hydrobates melania,5266
Hydrobates microsoma,2576
Hydrobates socorroensis,712
Hydrobates tethys,308
Hydrocoloeus minutus,6
Hydroprogne caspia,35778
Hydropsalis maculicaudus,1526
Hylocichla mustelina,15550
Hylomanes momotula,2034
Hylomanes momotula chiapensis,24
Hylomanes momotula momotula,96
Hylorchilus navai,926
Hylorchilus sumichrasti,1092
Ibycter americanus,14
Icteria virens,36940
Icteria virens auricollis,670
Icteria virens tropicalis,50
Icteria virens virens,522
Icterus abeillei,19944
Icterus auratus,19374
Icterus auricapillus,4
Icterus bullockii,29692
Icterus chrysater,8776
Icterus chrysater chrysater,126
Icterus chrysater mayensis,22
Icterus cucullatus,99404
Icterus cucullatus cucullatus,246
Icterus cucullatus igneus,2740
Icterus cucullatus nelsoni,630
Icterus cucullatus sennetti,100
Icterus cucullatus trochiloides,628
Icterus galbula,33676
Icterus graduacauda,15662
Icterus graduacauda audubonii,102
Icterus graduacauda dickeyae,234
Icterus graduacauda graduacauda,148
Icterus graduacauda nayaritensis,8
Icterus gularis,80762
Icterus gularis flavescens,32
Icterus gularis gigas,4
Icterus gularis gularis,202
Icterus gularis tamaulipensis,292
Icterus gularis troglodytes,24
Icterus gularis yucatanensis,152
Icterus maculialatus,1164
Icterus mesomelas,7962
Icterus mesomelas mesomelas,158
Icterus parisorum,20058
Icterus pectoralis,3852
Icterus pectoralis carolynae,4
Icterus pectoralis guttulatus,2
Icterus pectoralis pectoralis,100
Icterus prosthemelas,10832
Icterus prosthemelas prosthemelas,124
Icterus pustulatus,92584
Icterus pustulatus graysonii,316
Icterus pustulatus microstictus,728
Icterus pustulatus pustulatus,546
Icterus pustulatus sclateri,28
Icterus spurius,55544
Icterus spurius fuertesi,322
Icterus spurius phillipsi,34
Icterus spurius spurius,3112
Icterus wagleri,31366
Icterus wagleri castaneopectus,176
Icterus wagleri wagleri,662
Ictinia mississippiensis,8850
Ictinia plumbea,942
Ixobrychus exilis,4760
Ixobrychus exilis exilis,52
Ixobrychus exilis pullus,6
Ixoreus naevius,94
Ixoreus naevius meruloides,2
Jabiru mycteria,668
Jacana spinosa,50730
Jacana spinosa gymnostoma,310
Jacana spinosa spinosa,242
Junco bairdi,1370
Junco hyemalis,5412
Junco hyemalis caniceps,298
Junco hyemalis cismontanus,10
Junco hyemalis dorsalis,6
Junco hyemalis hyemalis,4
Junco hyemalis mearnsi,240
Junco hyemalis montanus,30
Junco hyemalis oreganus,24
Junco hyemalis pinosus,96
Junco hyemalis pontilis,88
Junco hyemalis shufeldti,4
Junco hyemalis thurberi,118
Junco hyemalis townsendi,356
Junco insularis,1990
Junco phaeonotus,34998
Junco phaeonotus alticola,98
Junco phaeonotus fulvescens,654
Junco phaeonotus palliatus,220
Junco phaeonotus phaeonotus,428
Lampornis amethystinus,8430
Lampornis amethystinus amethystinus,344
Lampornis amethystinus circumventus,4
Lampornis amethystinus margaritae,376
Lampornis amethystinus salvini,116
Lampornis clemenciae,14330
Lampornis clemenciae bessophilus,146
Lampornis clemenciae clemenciae,308
Lampornis viridipallens,4174
Lampornis viridipallens amadoni,8
Lampornis viridipallens ovandensis,122
Lampornis viridipallens viridipallens,126
Lamprolaima rhami,3322
Lanio aurantius,1344
Laniocera rufescens,66
Laniocera rufescens rufescens,14
Lanius ludovicianus,54354
Lanius ludovicianus anthonyi,4
Lanius ludovicianus excubitorides,470
Lanius ludovicianus grinnelli,126
Lanius ludovicianus mexicanus,516
Lanius ludovicianus migrans,4
Larus argentatus,11070
Larus argentatus smithsonianus,956
Larus californicus,17034
Larus californicus albertaensis,2
Larus californicus californicus,40
Larus canus,18
Larus canus brachyrhynchus,4
Larus crassirostris,2
Larus delawarensis,37322
Larus dominicanus,82
Larus fuscus,2212
Larus fuscus graellsii,14
Larus glaucescens,1470
Larus glaucoides,40
Larus glaucoides thayeri,328
Larus heermanni,39808
Larus hyperboreus,62
Larus livens,21426
Larus marinus,6
Larus occidentalis,29412
Larus occidentalis occidentalis,28
Larus occidentalis wymani,1188
Laterallus exilis,2088
Laterallus jamaicensis,80
Laterallus jamaicensis coturniculus,6
Laterallus jamaicensis jamaicensis,6
Laterallus ruber,10084
Legatus leucophaius,3072
Legatus leucophaius variegatus,122
Leiothlypis celata,87784
Leiothlypis celata celata,252
Leiothlypis celata lutescens,1446
Leiothlypis celata orestera,1252
Leiothlypis celata sordida,26
Leiothlypis crissalis,1202
Leiothlypis luciae,5014
Leiothlypis peregrina,13680
Leiothlypis ruficapilla,73340
Leiothlypis ruficapilla ridgwayi,234
Leiothlypis ruficapilla ruficapilla,424
Leiothlypis virginiae,6858
Lepidocolaptes affinis,9072
Lepidocolaptes affinis affinis,798
Lepidocolaptes affinis lignicida,54
Lepidocolaptes leucogaster,10026
Lepidocolaptes leucogaster leucogaster,288
Lepidocolaptes leucogaster umbrosus,184
Lepidocolaptes souleyetii,3848
Lepidocolaptes souleyetii compressus,36
Lepidocolaptes souleyetii guerrerensis,12
Lepidocolaptes souleyetii insignis,102
Leptodon cayanensis,1088
Leptopogon amaurocephalus,1564
Leptopogon amaurocephalus pileatus,104
Leptotila cassinii,724
Leptotila cassinii cerviniventris,74
Leptotila jamaicensis,4656
Leptotila jamaicensis gaumeri,58
Leptotila plumbeiceps,2996
Leptotila plumbeiceps plumbeiceps,50
Leptotila verreauxi,89266
Leptotila verreauxi angelica,464
Leptotila verreauxi bangsi,40
Leptotila verreauxi capitalis,132
Leptotila verreauxi fulviventris,176
Leucolia wagneri,8
Leuconotopicus arizonae,20
Leuconotopicus arizonae arizonae,158
Leuconotopicus arizonae fraterculus,16
Leuconotopicus fumigatus,30
Leuconotopicus fumigatus oleagineus,6
Leuconotopicus fumigatus sanguinolentus,38
Leuconotopicus stricklandi,36
Leuconotopicus villosus,112
Leuconotopicus villosus hyloscopus,12
Leuconotopicus villosus icastus,4
Leuconotopicus villosus jardinii,10
Leuconotopicus villosus sanctorum,18
Leucophaeus atricilla,77266
Leucophaeus atricilla megalopterus,54
Leucophaeus modestus,38
Leucophaeus pipixcan,3908
Limnodromus griseus,13382
Limnodromus griseus caurinus,148
Limnodromus griseus griseus,8
Limnodromus griseus hendersoni,14
Limnodromus scolopaceus,16668
Limnothlypis swainsonii,848
Limosa fedoa,28234
Limosa haemastica,220
Limosa lapponica,4
Limosa lapponica baueri,4
Lipaugus unirufus,1112
Lipaugus unirufus unirufus,58
Lonchura malacca,456
Lonchura oryzivora,2
Lonchura punctulata,322
Lophodytes cucullatus,774
Lophornis brachylophus,220
Lophornis helenae,740
Lophornis magnificus,2
Lophornis ornatus,2
Lophostrix cristata,296
Lophostrix cristata stricklandi,16
Loxia curvirostra,5110
Loxia curvirostra bendirei,22
Loxia curvirostra benti,12
Loxia curvirostra grinnelli,28
Loxia curvirostra mesamericana,18
Loxia curvirostra stricklandi,616
Lurocalis semitorquatus,92
Malacoptila panamensis,916
Malacoptila panamensis inornata,16
Manacus candei,2248
Mareca americana,18628
Mareca penelope,244
Mareca strepera,17780
Megaceryle alcyon,55784
Megaceryle torquata,29624
Megaceryle torquata torquata,56
Megarynchus pitangua,55296
Megarynchus pitangua caniceps,14
Megarynchus pitangua mexicanus,466
Megarynchus pitangua pitangua,2
Megarynchus pitangua tardiusculus,62
Megascops asio,1020
Megascops asio mccallii,24
Megascops barbarus,390
Megascops cooperi,750
Megascops cooperi cooperi,28
Megascops cooperi lambi,20
Megascops guatemalae,2644
Megascops guatemalae fuscus,2
Megascops guatemalae guatemalae,44
Megascops guatemalae hastatus,20
Megascops kennicottii,2336
Megascops kennicottii aikeni,4
Megascops kennicottii bendirei,10
Megascops kennicottii cardonensis,32
Megascops kennicottii suttoni,130
Megascops kennicottii vinaceus,18
Megascops kennicottii xantusi,72
Megascops kennicottii yumanensis,2
Megascops seductus,854
Megascops trichopsis,2328
Megascops trichopsis aspersus,26
Megascops trichopsis trichopsis,154
Megascops vermiculatus,2
Melanerpes aurifrons,200726
Melanerpes carolinus,2
Melanerpes chrysogenys,67004
Melanerpes chrysogenys chrysogenys,348
Melanerpes chrysogenys flavinuchus,486
Melanerpes flavifrons,6
Melanerpes formicivorus,56418
Melanerpes formicivorus albeolus,18
Melanerpes formicivorus angustifrons,1056
Melanerpes formicivorus bairdi,352
Melanerpes formicivorus flavigula,20
Melanerpes formicivorus formicivorus,1904
Melanerpes formicivorus lineatus,212
Melanerpes hypopolius,8384
Melanerpes lewis,156
Melanerpes pucherani,3116
Melanerpes pygmaeus,24054
Melanerpes pygmaeus pygmaeus,128
Melanerpes pygmaeus rubricomus,90
Melanerpes rubricapillus,46
Melanerpes rubricapillus rubricapillus,16
Melanerpes santacruzi,230
Melanerpes santacruzi dubius,1320
Melanerpes santacruzi grateloupensis,356
Melanerpes santacruzi leei,108
Melanerpes santacruzi polygrammus,780
Melanerpes santacruzi santacruzi,68
Melanerpes uropygialis,63348
Melanerpes uropygialis brewsteri,746
Melanerpes uropygialis cardonensis,204
Melanerpes uropygialis uropygialis,554
Melanitta americana,86
Melanitta deglandi,124
Melanitta fusca deglandi,6
Melanitta perspicillata,7720
Melanoptila glabrirostris,16678
Melanotis caerulescens,51540
Melanotis caerulescens caerulescens,1214
Melanotis caerulescens longirostris,202
Melanotis hypoleucus,4138
Meleagris gallopavo,2668
Meleagris gallopavo gallopavo,24
Meleagris gallopavo intermedia,48
Meleagris gallopavo merriami,10
Meleagris gallopavo mexicana,70
Meleagris ocellata,3538
Melopsittacus undulatus,162
Melospiza georgiana,624
Melospiza georgiana ericrypta,10
Melospiza georgiana georgiana,10
Melospiza lincolnii,49336
Melospiza lincolnii alticola,74
Melospiza lincolnii gracilis,14
Melospiza lincolnii lincolnii,370
Melospiza melodia,38548
Melospiza melodia adusta,268
Melospiza melodia fallax,62
Melospiza melodia goldmani,18
Melospiza melodia graminea,172
Melospiza melodia heermanni,360
Melospiza melodia merrilli,2
Melospiza melodia mexicana,198
Melospiza melodia montana,14
Melospiza melodia rivularis,592
Melospiza melodia villai,22
Melozone aberti,2858
Melozone aberti aberti,10
Melozone aberti dumeticola,38
Melozone albicollis,20788
Melozone albicollis albicollis,124
Melozone biarcuata,974
Melozone biarcuata biarcuata,2
Melozone biarcuata hartwegi,44
Melozone crissalis,14204
Melozone crissalis albigula,154
Melozone crissalis aripolia,16
Melozone crissalis senicula,318
Melozone fusca,86898
Melozone fusca campoi,18
Melozone fusca fusca,258
Melozone fusca intermedia,10
Melozone fusca jamesi,14
Melozone fusca mesoleuca,66
Melozone fusca perpallida,86
Melozone fusca potosina,76
Melozone fusca texana,24
Melozone fusca toroi,26
Melozone kieneri,13310
Melozone kieneri grisior,2
Melozone kieneri kieneri,112
Melozone kieneri rubricata,146
Melozone leucotis,2350
Melozone leucotis occipitalis,60
Mergus merganser,532
Mergus merganser americanus,8
Mergus serrator,9860
Micrastur ruficollis,2764
Micrastur ruficollis guerilla,96
Micrastur semitorquatus,16806
Micrastur semitorquatus naso,136
Micrathene whitneyi,1456
Micrathene whitneyi graysoni,14
Micrathene whitneyi idonea,2
Micrathene whitneyi sanfordi,240
Micrathene whitneyi whitneyi,58
Microcerculus marginatus,20
Microcerculus philomela,592
Microrhopias quixensis,1384
Microrhopias quixensis boucardi,142
Mimus gilvus,96992
Mimus gilvus gilvus,2
Mimus gilvus gracilis,154
Mimus gilvus leucophaeus,182
Mimus graysoni,136
Mimus polyglottos,96452
Mimus polyglottos polyglottos,1622
Mionectes oleagineus,4976
Mionectes oleagineus assimilis,346
Mionectes oleagineus oleagineus,2
Mitrephanes phaeocercus,25334
Mitrephanes phaeocercus burleighi,28
Mitrephanes phaeocercus nicaraguae,36
Mitrephanes phaeocercus phaeocercus,198
Mitrephanes phaeocercus tenuirostris,574
Mniotilta varia,84690
Molothrus aeneus,98584
Molothrus aeneus aeneus,1026
Molothrus aeneus assimilis,374
Molothrus aeneus loyei,202
Molothrus ater,34484
Molothrus ater artemisiae,406
Molothrus ater ater,184
Molothrus ater obscurus,876
Molothrus bonariensis,22
Molothrus oryzivorus,1120
Momotus coeruliceps,8526
Momotus lessonii,24992
Momotus mexicanus,31832
Momotus mexicanus mexicanus,842
Momotus mexicanus saturatus,312
Momotus mexicanus vanrossemi,124
Momotus momota,358
Momotus momota coeruliceps,208
Momotus momota exiguus,74
Momotus momota goldmani,122
Momotus momota lessonii,216
Momotus momota subrufescens,2
Morococcyx erythropygus,7750
Morococcyx erythropygus erythropygus,40
Morococcyx erythropygus mexicanus,82
Morphnus guianensis,6
Morus bassanus,46
Motacilla alba,8
Motacilla tschutschensis,2
Myadestes occidentalis,53064
Myadestes occidentalis insularis,12
Myadestes occidentalis oberholseri,182
Myadestes occidentalis occidentalis,324
Myadestes townsendi,938
Myadestes townsendi calophonus,72
Myadestes townsendi townsendi,28
Myadestes unicolor,664
Myadestes unicolor pallens,30
Myadestes unicolor unicolor,154
Mycteria americana,39714
Myiagra ruficollis,2
Myiarchus cinerascens,39648
Myiarchus cinerascens cinerascens,1974
Myiarchus cinerascens pertinax,986
Myiarchus crinitus,10164
Myiarchus nuttingi,17888
Myiarchus nuttingi flavidior,102
Myiarchus nuttingi inquietus,712
Myiarchus nuttingi nuttingi,42
Myiarchus tuberculifer,74392
Myiarchus tuberculifer connectens,76
Myiarchus tuberculifer lawrenceii,172
Myiarchus tuberculifer manens,20
Myiarchus tuberculifer nigricapillus,4
Myiarchus tuberculifer olivascens,996
Myiarchus tuberculifer platyrhynchus,112
Myiarchus tuberculifer querulus,772
Myiarchus tyrannulus,34430
Myiarchus tyrannulus cooperi,370
Myiarchus tyrannulus cozumelae,2
Myiarchus tyrannulus magister,1146
Myiarchus yucatanensis,8212
Myiarchus yucatanensis lanyoni,6
Myiarchus yucatanensis navai,6
Myiarchus yucatanensis yucatanensis,28
Myiobius barbatus,2
Myiobius barbatus sulphureipygius,34
Myiobius sulphureipygius,2156
Myioborus miniatus,43068
Myioborus miniatus hellmayri,48
Myioborus miniatus intermedius,182
Myioborus miniatus miniatus,766
Myioborus miniatus molochinus,6
Myioborus pictus,22460
Myioborus pictus guatemalae,84
Myioborus pictus pictus,504
Myiodynastes luteiventris,26448
Myiodynastes maculatus,1588
Myiodynastes maculatus insolens,102
Myiopagis viridicata,17862
Myiopagis viridicata jaliscensis,526
Myiopagis viridicata minima,82
Myiopagis viridicata pacifica,12
Myiopagis viridicata placens,292
Myiopsitta monachus,22242
Myiozetetes luteiventris,2
Myiozetetes similis,203772
Myiozetetes similis hesperis,126
Myiozetetes similis primulus,252
Myiozetetes similis similis,2
Myiozetetes similis texensis,910
Myrmotherula axillaris,2
Myrmotherula schisticolor,90
Myrmotherula schisticolor schisticolor,40
Nannopterum auritum,62188
Nannopterum brasilianum,110430
Nomonyx dominicus,154
Notharchus hyperrhynchus,1158
Notharchus hyperrhynchus hyperrhynchus,2
Notharchus macrorhynchos,102
Nucifraga columbiana,98
Numenius americanus,28326
Numenius americanus americanus,64
Numenius americanus parvus,24
Numenius borealis,2
Numenius phaeopus,29410
Numenius phaeopus hudsonicus,2422
Numenius phaeopus phaeopus,550
Numenius tahitiensis,2
Numida meleagris,32
Nyctanassa violacea,50150
Nyctanassa violacea bancrofti,160
Nyctanassa violacea gravirostris,2
Nyctanassa violacea violacea,86
Nyctibius grandis,84
Nyctibius jamaicensis,6824
Nyctibius jamaicensis mexicanus,40
Nycticorax nycticorax,62880
Nycticorax nycticorax hoactli,2048
Nycticorax nycticorax nycticorax,26
Nyctidromus albicollis,20808
Nyctidromus albicollis albicollis,50
Nyctidromus albicollis insularis,110
Nyctidromus albicollis merrilli,140
Nyctidromus albicollis yucatanensis,504
Nyctiphrynus mcleodii,702
Nyctiphrynus mcleodii mcleodii,4
Nyctiphrynus mcleodii rayi,12
Nyctiphrynus yucatanicus,1032
Nymphicus hollandicus,38
Oceanites oceanicus,16
Ocreatus underwoodii,2
Odontophorus guttatus,1304
Oenanthe oenanthe,4
Ognorhynchus icterotis,2
Oncostoma cinereigulare,9456
Onychoprion anaethetus,666
Onychoprion anaethetus nelsoni,2
Onychoprion fuscatus,868
Onychoprion fuscatus crissalis,2
Onychoprion fuscatus fuscatus,2
Onychorhynchus coronatus,3530
Onychorhynchus coronatus mexicanus,562
Oporornis agilis,8
Oreophasis derbianus,1154
Oreortyx pictus,446
Oreortyx pictus confinis,602
Oreortyx pictus eremophilus,2
Oreortyx pictus pictus,2
Oreoscoptes montanus,1148
Oreothlypis superciliosa,24576
Oreothlypis superciliosa mexicana,44
Oreothlypis superciliosa palliata,24
Oreothlypis superciliosa sodalis,44
Oreothlypis superciliosa superciliosa,54
Oriturus superciliosus,11204
Oriturus superciliosus palliatus,148
Oriturus superciliosus superciliosus,354
Ornithion semiflavum,1512
Ortalis leucogastra,1682
Ortalis poliocephala,24202
Ortalis vetula,67118
Ortalis wagleri,22988
Oxyura jamaicensis,35498
Oxyura jamaicensis jamaicensis,6
Oxyura jamaicensis rubida,42
Pachyramphus aglaiae,54448
Pachyramphus aglaiae aglaiae,114
Pachyramphus aglaiae albiventris,568
Pachyramphus aglaiae gravis,162
Pachyramphus aglaiae insularis,120
Pachyramphus aglaiae sumichrasti,352
Pachyramphus aglaiae yucatanensis,142
Pachyramphus cinnamomeus,598
Pachyramphus cinnamomeus cinnamomeus,4
Pachyramphus cinnamomeus fulvidior,74
Pachyramphus major,5294
Pachyramphus major australis,28
Pachyramphus major itzensis,54
Pachyramphus major major,56
Pachyramphus major matudai,2
Pachyramphus major uropygialis,128
Pachyramphus polychopterus,18
Pachysylvia decurtata,11572
Pampa curvipennis,18434
Pampa curvipennis excellens,3070
Pampa pampa,66
Pampa rufa,1736
Pandion haliaetus,95764
Pandion haliaetus carolinensis,3160
Pandion haliaetus ridgwayi,644
Panyptila cayennensis,612
Panyptila sanctihieronymi,656
Parabuteo unicinctus,12608
Parabuteo unicinctus harrisi,236
Paraclaravis mondetoura,70
Pardirallus maculatus,1424
Pardirallus maculatus insolitus,16
Parkesia motacilla,13976
Parkesia noveboracensis,39388
Passer domesticus,202278
Passer domesticus domesticus,342
Passerculus sandwichensis,33206
Passerculus sandwichensis alaudinus,94
Passerculus sandwichensis anthinus,90
Passerculus sandwichensis anulus,274
Passerculus sandwichensis atratus,266
Passerculus sandwichensis beldingi,248
Passerculus sandwichensis brooksi,18
Passerculus sandwichensis brunnescens,166
Passerculus sandwichensis guttatus,228
Passerculus sandwichensis labradorius,2
Passerculus sandwichensis magdalenae,96
Passerculus sandwichensis nevadensis,100
Passerculus sandwichensis rostratus,796
Passerculus sandwichensis sanctorum,640
Passerculus sandwichensis sandwichensis,34
Passerculus sandwichensis savanna,24
Passerella iliaca,540
Passerella iliaca megarhyncha,20
Passerella iliaca schistacea,56
Passerella iliaca unalaschcensis,2
Passerella megarhyncha,52
Passerella megarhynchus,16
Passerina amoena,10044
Passerina caerulea,71554
Passerina ciris,36648
Passerina cyanea,43946
Passerina leclancherii,19090
Passerina rositae,1922
Passerina versicolor,34116
Patagioenas cayennensis,5324
Patagioenas cayennensis pallidicrissa,4
Patagioenas fasciata,10660
Patagioenas fasciata fasciata,376
Patagioenas fasciata monilis,6
Patagioenas fasciata vioscae,716
Patagioenas flavirostris,68246
Patagioenas flavirostris flavirostris,388
Patagioenas flavirostris madrensis,24
Patagioenas flavirostris restricta,64
Patagioenas leucocephala,3634
Patagioenas nigrirostris,3598
Patagioenas plumbea pallescens,2
Patagioenas speciosa,2066
Patagioenas squamosa,2
Pavo cristatus,48
Pelecanus erythrorhynchos,47076
Pelecanus occidentalis,143722
Pelecanus occidentalis californicus,3282
Pelecanus occidentalis carolinensis,2064
Pelecanus occidentalis occidentalis,6
Pelecanus occidentalis urinator,6
Penelope purpurascens,6632
Penelope purpurascens purpurascens,220
Penelopina nigra,4704
Petrochelidon fulva,11864
Petrochelidon fulva citata,1374
Petrochelidon fulva fulva,4
Petrochelidon fulva pallida,32
Petrochelidon pyrrhonota,19686
Petrochelidon pyrrhonota melanogaster,464
Petrochelidon pyrrhonota pyrrhonota,86
Petrochelidon pyrrhonota tachina,18
Peucaea aestivalis,2
Peucaea botterii,4714
Peucaea botterii botterii,218
Peucaea botterii goldmani,16
Peucaea botterii mexicana,22
Peucaea botterii petenica,12
Peucaea carpalis,4494
Peucaea carpalis bangsi,160
Peucaea carpalis carpalis,166
Peucaea carpalis cohaerens,2
Peucaea cassinii,2542
Peucaea humeralis,4660
Peucaea mystacalis,5430
Peucaea ruficauda,30284
Peucaea ruficauda acuminata,302
Peucaea ruficauda lawrencii,246
Peucaea ruficauda ruficauda,6
Peucaea sumichrasti,1866
Peucedramus taeniatus,21052
Peucedramus taeniatus arizonae,280
Peucedramus taeniatus giraudi,158
Peucedramus taeniatus jaliscensis,302
Peucedramus taeniatus taeniatus,166
Phaeochroa cuvierii,638
Phaeochroa cuvierii roberti,34
Phaeoptila sordida,14022
Phaethon aethereus,2510
Phaethon aethereus mesonauta,408
Phaethon lepturus,28
Phaethon rubricauda,8
Phaethon rubricauda melanorhynchos,6
Phaethornis longirostris,6070
Phaethornis longirostris longirostris,48
Phaethornis mexicanus,1908
Phaethornis mexicanus griseoventer,300
Phaethornis mexicanus mexicanus,166
Phaethornis pretrei,2
Phaethornis striigularis,6438
Phaethornis striigularis saturatus,16
Phaethornis superciliosus,1286
Phainopepla nitens,23616
Phainopepla nitens lepida,374
Phainopepla nitens nitens,72
Phalacrocorax urile,2
Phalaenoptilus nuttallii,1708
Phalaenoptilus nuttallii adustus,26
Phalaenoptilus nuttallii californicus,34
Phalaenoptilus nuttallii centralis,18
Phalaenoptilus nuttallii dickeyi,74
Phalaenoptilus nuttallii hueyi,12
Phalaenoptilus nuttallii nuttallii,50
Phalaropus fulicarius,1494
Phalaropus lobatus,3516
Phalaropus tricolor,6610
Pharomachrus mocinno,1734
Pharomachrus mocinno mocinno,568
Phasianus colchicus,1384
Pheucticus chrysopeplus,11980
Pheucticus chrysopeplus aurantiacus,966
Pheucticus chrysopeplus chrysopeplus,210
Pheucticus chrysopeplus dilutus,120
Pheucticus ludovicianus,22716
Pheucticus melanocephalus,57278
Pheucticus melanocephalus maculatus,330
Pheucticus melanocephalus melanocephalus,372
Pheugopedius felix,35550
Pheugopedius felix felix,38
Pheugopedius felix grandis,28
Pheugopedius felix lawrencii,112
Pheugopedius felix pallidus,38
Pheugopedius felix sonorae,76
Pheugopedius maculipectus,46968
Pheugopedius maculipectus canobrunneus,132
Pheugopedius maculipectus maculipectus,12
Pheugopedius maculipectus microstictus,6
Pheugopedius maculipectus umbrinus,44
Pheugopedius rutilus,16
Philortyx fasciatus,2910
Phoebastria albatrus,12
Phoebastria immutabilis,508
Phoebastria nigripes,924
Phoenicopterus ruber,11468
Phylloscopus borealis,8
Phylloscopus fuscatus,4
Phylloscopus inornatus,6
Piaya cayana,65026
Piaya cayana cayana,4
Piaya cayana mexicana,3738
Piaya cayana thermophila,4718
Piaya minuta,2
Pionus senilis,11566
Pipilo chlorurus,12394
Pipilo erythrophthalmus,2206
Pipilo maculatus,26742
Pipilo maculatus chiapensis,60
Pipilo maculatus consobrinus,6
Pipilo maculatus gaigei,44
Pipilo maculatus griseipygius,56
Pipilo maculatus macronyx,2846
Pipilo maculatus maculatus,272
Pipilo maculatus magnirostris,316
Pipilo maculatus megalonyx,60
Pipilo maculatus montanus,138
Pipilo maculatus oaxacae,116
Pipilo maculatus orientalis,104
Pipilo maculatus repetens,6
Pipilo maculatus socorroensis,132
Pipilo maculatus umbraticola,230
Pipilo maculatus vulcanorum,18
Pipilo ocai,5656
Pipilo ocai alticola,116
Pipilo ocai brunnescens,118
Pipilo ocai guerrerensis,514
Pipilo ocai nigrescens,136
Pipilo ocai ocai,110
Piranga bidentata,13416
Piranga bidentata bidentata,210
Piranga bidentata flammea,242
Piranga bidentata sanguinolenta,234
Piranga erythrocephala,5792
Piranga erythrocephala candida,42
Piranga erythrocephala erythrocephala,82
Piranga flava,30460
Piranga flava hepatica,976
Piranga leucoptera,9256
Piranga leucoptera leucoptera,314
Piranga ludoviciana,56324
Piranga olivacea,1908
Piranga roseogularis,5062
Piranga roseogularis cozumelae,96
Piranga roseogularis roseogularis,136
Piranga roseogularis tincta,78
Piranga rubra,76370
Piranga rubra cooperi,434
Piranga rubra rubra,366
Pitangus sulphuratus,246246
Pitangus sulphuratus derbianus,900
Pitangus sulphuratus guatimalensis,140
Pitangus sulphuratus sulphuratus,4
Pitangus sulphuratus texanus,214
Platalea ajaja,29812
Platycercus eximius,2
Platyrinchus cancrominus,5064
Platyrinchus cancrominus cancrominus,52
Platyrinchus cancrominus timothei,18
Platyrinchus mystaceus,284
Platyrinchus mystaceus mystaceus,2
Plegadis chihi,53984
Plegadis falcinellus,1818
Pluvialis dominica,938
Pluvialis dominica dominica,26
Pluvialis fulva,124
Pluvialis squatarola,33200
Podargus strigoides,2
Podiceps auritus,1602
Podiceps auritus cornutus,4
Podiceps grisegena,30
Podiceps nigricollis,28340
Podiceps nigricollis californicus,230
Podiceps nigricollis nigricollis,8
Podilymbus podiceps,44880
Podilymbus podiceps antillarum,2
Podilymbus podiceps podiceps,118
Poecile atricapillus,4
Poecile gambeli,1460
Poecile gambeli atratus,220
Poecile sclateri,17786
Poecile sclateri eidos,234
Poecile sclateri rayi,32
Poecile sclateri sclateri,208
Poecilostreptus cabanisi,972
Poecilotriccus sylvia,1166
Poecilotriccus sylvia schistaceiceps,6
Polioptila albiloris,8208
Polioptila albiloris albiloris,74
Polioptila albiloris albiventris,30
Polioptila albiloris vanrossemi,166
Polioptila albiventris,3812
Polioptila bilineata,2924
Polioptila caerulea,198568
Polioptila caerulea caerulea,552
Polioptila caerulea cozumelae,2166
Polioptila caerulea deppei,112
Polioptila caerulea nelsoni,58
Polioptila caerulea obscura,816
Polioptila californica,8390
Polioptila californica atwoodi,2
Polioptila californica californica,112
Polioptila californica margaritae,422
Polioptila melanura,8474
Polioptila melanura curtata,42
Polioptila melanura lucida,290
Polioptila melanura melanura,142
Polioptila nigriceps,7610
Polioptila nigriceps nigriceps,16
Polioptila nigriceps restricta,34
Polioptila plumbea brodkorbi,50
Polioptila plumbea superciliaris,30
Pooecetes gramineus,11486
Pooecetes gramineus affinis,10
Pooecetes gramineus confinis,262
Pooecetes gramineus gramineus,8
Porphyrio martinicus,12184
Porphyrio porphyrio,2
Porzana carolina,17074
Procellaria parkinsoni,10
Progne chalybea,20522
Progne chalybea chalybea,176
Progne chalybea warneri,4
Progne dominicensis,2
Progne sinaloae,376
Progne subis,8046
Progne subis hesperia,388
Progne subis subis,178
Progne tapera,4
Protonotaria citrea,3486
Psaltriparus minimus,65522
Psaltriparus minimus dimorphicus,88
Psaltriparus minimus grindae,380
Psaltriparus minimus iulus,96
Psaltriparus minimus melanotis,250
Psaltriparus minimus melanurus,246
Psaltriparus minimus minimus,4
Psaltriparus minimus personatus,16
Psaltriparus minimus plumbeus,462
Psarocolius montezuma,27612
Psarocolius wagleri,2762
Psarocolius wagleri wagleri,100
Psephotus haematonotus,2
Pseudastur albicollis,2768
Pseudobulweria rostrata,30
Psilorhinus morio,79576
Psilorhinus morio morio,282
Psilorhinus morio palliatus,64
Psilorhinus morio vociferus,44
Psiloscops flammeolus,790
Psittacara brevipes,186
Psittacara holochlorus,9402
Psittacara holochlorus brewsteri,20
Psittacara strenuus,144
Psittacula krameri,6
Pterodroma cervicalis,10
Pterodroma cookii,252
Pterodroma externa,22
Pterodroma hasitata,2
Pterodroma heraldica,6
Pterodroma neglecta,2
Pterodroma neglecta neglecta,2
Pteroglossus torquatus,14038
Pteroglossus torquatus erythrozonus,104
Pteroglossus torquatus torquatus,240
Ptiliogonys cinereus,57492
Ptiliogonys cinereus cinereus,156
Ptiliogonys cinereus molybdophanes,30
Ptiliogonys cinereus otofuscus,46
Ptiliogonys cinereus pallescens,182
Ptychoramphus aleuticus,1534
Ptychoramphus aleuticus aleuticus,410
Ptychoramphus aleuticus australis,112
Puffinus auricularis,392
Puffinus auricularis auricularis,30
Puffinus lherminieri,188
Puffinus lherminieri loyemilleri,4
Puffinus nativitatis,20
Puffinus opisthomelas,4358
Puffinus puffinus,80
Puffinus subalaris,480
Pulsatrix perspicillata,240
Pulsatrix perspicillata saturata,66
Pygochelidon cyanoleuca,2
Pyrilia haematotis,2378
Pyrocephalus rubinus,187498
Pyrocephalus rubinus blatteus,282
Pyrocephalus rubinus flammeus,668
Pyrocephalus rubinus mexicanus,1792
Quelea quelea,4
Quiscalus major,88
Quiscalus mexicanus,398968
Quiscalus mexicanus graysoni,154
Quiscalus mexicanus loweryi,26
Quiscalus mexicanus mexicanus,930
Quiscalus mexicanus monsoni,100
Quiscalus mexicanus nelsoni,146
Quiscalus mexicanus obscurus,238
Quiscalus mexicanus prosopidicola,134
Quiscalus palustris,4
Quiscalus quiscula,44
Quiscalus quiscula versicolor,20
Rallus crepitans,1850
Rallus crepitans grossi,2
Rallus crepitans pallidus,24
Rallus elegans,96
Rallus elegans elegans,6
Rallus limicola,2244
Rallus limicola friedmanni,20
Rallus limicola limicola,96
Rallus longirostris,28
Rallus longirostris beldingi,148
Rallus obsoletus,3862
Rallus obsoletus levipes,32
Rallus obsoletus yumanensis,90
Rallus tenuirostris,1274
Ramosomyia violiceps,38212
Ramosomyia viridifrons,2464
Ramphastos sulfuratus,24184
Ramphastos sulfuratus sulfuratus,362
Ramphocaenus melanurus,7190
Ramphocaenus melanurus ardeleo,58
Ramphocaenus melanurus rufiventris,106
Ramphocelus dimidiatus dimidiatus,2
Ramphocelus passerinii,1248
Ramphocelus sanguinolentus,5852
Ramphocelus sanguinolentus sanguinolentus,310
Ramphotrigon flammulatum,2856
Recurvirostra americana,28286
Regulus satrapa,6892
Regulus satrapa apache,12
Regulus satrapa aztecus,84
Regulus satrapa clarus,36
Regulus satrapa satrapa,14
Rhodinocichla rosea,3142
Rhodinocichla rosea schistacea,66
Rhodothraupis celaeno,4326
Rhopodytes sumatranus,2
Rhynchocyclus brevirostris,5100
Rhynchocyclus brevirostris brevirostris,188
Rhynchocyclus brevirostris pallidus,8
Rhynchophanes mccownii,278
Rhynchopsitta pachyrhyncha,1274
Rhynchopsitta terrisi,1568
Rhytipterna holerythra,1080
Rhytipterna holerythra holerythra,78
Ridgwayia pinicola,1698
Ridgwayia pinicola pinicola,4
Riparia riparia,6890
Riparia riparia riparia,30
Rissa tridactyla,306
Rostrhamus sociabilis,12958
Rostrhamus sociabilis major,28
Rostrhamus sociabilis plumbeus,4
Rupornis magnirostris,68602
Rupornis magnirostris conspectus,72
Rupornis magnirostris gracilis,44
Rupornis magnirostris griseocauda,84
Rupornis magnirostris magnirostris,2
Rynchops niger,14680
Rynchops niger intercedens,8
Rynchops niger niger,402
Salpinctes obsoletus,13592
Salpinctes obsoletus exsul,38
Salpinctes obsoletus guadeloupensis,508
Salpinctes obsoletus tenuirostris,74
Saltator atriceps,46274
Saltator atriceps atriceps,368
Saltator atriceps flavicrissus,16
Saltator atriceps peeti,88
Saltator atriceps raptor,110
Saltator atriceps suffuscus,22
Saltator coerulescens coerulescens,2
Saltator coerulescens hesperis,24
Saltator coerulescens plumbiceps,20
Saltator coerulescens vigorsii,104
Saltator coerulescens yucatanensis,60
Saltator grandis,80818
Saltator maximus,6254
Saltator maximus gigantodes,128
Saltator maximus magnoides,54
Sarcoramphus papa,3442
Saucerottia beryllina,73460
Saucerottia beryllina beryllina,342
Saucerottia beryllina lichtensteini,10
Saucerottia beryllina viola,4
Saucerottia cyanocephala,13476
Saucerottia cyanocephala cyanocephala,1546
Saucerottia cyanura,828
Sayornis nigricans,76818
Sayornis nigricans latirostris,6
Sayornis nigricans nigricans,498
Sayornis nigricans semiater,658
Sayornis phoebe,12452
Sayornis saya,41410
Sayornis saya quiescens,288
Sayornis saya saya,284
Schiffornis turdina veraepacis,2
Schiffornis veraepacis,2276
Sclerurus guatemalensis,268
Sclerurus guatemalensis guatemalensis,16
Sclerurus mexicanus,1288
Sclerurus mexicanus mexicanus,440
Scolopax minor,2
Seiurus aurocapilla,20036
Seiurus aurocapilla aurocapilla,276
Seiurus aurocapilla cinereus,6
Selasphorus calliope,2622
Selasphorus ellioti,1088
Selasphorus flammula,2
Selasphorus heloisa,6334
Selasphorus heloisa heloisa,2
Selasphorus platycercus,9980
Selasphorus rufus,10042
Selasphorus sasin,826
Selasphorus sasin sasin,40
Serinus canaria,8
Setophaga aestiva,140
Setophaga aestiva dugesi,6
Setophaga aestiva morcomi,4
Setophaga americana,26358
Setophaga auduboni,114
Setophaga auduboni auduboni,10
Setophaga caerulescens,1348
Setophaga caerulescens caerulescens,2
Setophaga castanea,1004
Setophaga cerulea,290
Setophaga chrysoparia,1448
Setophaga citrina,31984
Setophaga coronata,106296
Setophaga coronata auduboni,44148
Setophaga coronata coronata,6806
Setophaga coronata goldmani,30
Setophaga discolor,1300
Setophaga dominica,30966
Setophaga dominica albilora,1126
Setophaga fusca,2944
Setophaga graciae,8524
Setophaga graciae graciae,84
Setophaga graciae remota,24
Setophaga graciae yaegeri,10
Setophaga magnolia,48010
Setophaga nigrescens,39172
Setophaga nigrescens halseii,8
Setophaga nigrescens nigrescens,4
Setophaga occidentalis,21564
Setophaga palmarum,12484
Setophaga palmarum hypochrysea,8
Setophaga palmarum palmarum,1388
Setophaga pensylvanica,5704
Setophaga petechia,136418
Setophaga petechia bryanti,174
Setophaga petechia castaneiceps,826
Setophaga petechia erithachorides,6
Setophaga petechia oraria,38
Setophaga petechia rhizophorae,686
Setophaga petechia rufivertex,138
Setophaga petechia xanthotera,2
Setophaga pinus,440
Setophaga pitiayumi,17264
Setophaga pitiayumi graysoni,90
Setophaga pitiayumi inornata,108
Setophaga pitiayumi insularis,44
Setophaga pitiayumi nigrilora,258
Setophaga pitiayumi pulchra,652
Setophaga ruticilla,59126
Setophaga striata,422
Setophaga tigrina,1812
Setophaga townsendi,49446
Setophaga virens,42040
Sialia currucoides,1000
Sialia mexicana,11922
Sialia mexicana amabilis,14
Sialia mexicana bairdi,306
Sialia mexicana mexicana,72
Sialia mexicana nelsoni,4
Sialia mexicana occidentalis,794
Sialia sialis,16180
Sialia sialis fulva,436
Sialia sialis guatemalae,136
Sialia sialis sialis,10
Sicalis flaveola,2
Sicalis luteola,1902
Sicalis luteola chrysops,34
Sicalis luteola mexicana,2
Sitta canadensis,334
Sitta carolinensis,16366
Sitta carolinensis aculeata,148
Sitta carolinensis alexandrae,108
Sitta carolinensis carolinensis,2
Sitta carolinensis lagunae,398
Sitta carolinensis mexicana,214
Sitta carolinensis nelsoni,308
Sitta carolinensis tenuissima,38
Sitta pygmaea,6252
Sitta pygmaea brunnescens,16
Sitta pygmaea flavinucha,82
Sitta pygmaea leuconucha,522
Sitta pygmaea melanotis,82
Sitta pygmaea pygmaea,78
Sittasomus griseicapillus,17902
Sittasomus griseicapillus gracileus,116
Sittasomus griseicapillus jaliscensis,42
Sittasomus griseicapillus levis,2
Sittasomus griseicapillus sylvioides,404
Spatula clypeata,44412
Spatula cyanoptera,27580
Spatula discors,64466
Spatula querquedula,8
Sphyrapicus nuchalis,2724
Sphyrapicus ruber,284
Sphyrapicus ruber daggetti,18
Sphyrapicus thyroideus,678
Sphyrapicus thyroideus nataliae,60
Sphyrapicus thyroideus thyroideus,6
Sphyrapicus varius,15714
Spindalis zena,1282
Spindalis zena benedicti,1504
Spindalis zena townsendi,4
Spinus atriceps,244
Spinus lawrencei,1608
Spinus notatus,12640
Spinus notatus forreri,50
Spinus notatus notatus,150
Spinus pinus,10482
Spinus pinus macropterus,160
Spinus pinus perplexus,128
Spinus pinus pinus,78
Spinus psaltria,131882
Spinus psaltria colombianus,10
Spinus psaltria hesperophilus,104
Spinus psaltria jouyi,32
Spinus psaltria psaltria,724
Spinus psaltria witti,2
Spinus tristis,1118
Spinus tristis pallidus,2
Spinus tristis salicamans,4
Spinus tristis tristis,42
Spiza americana,8466
Spizaetus melanoleucus,374
Spizaetus ornatus,1876
Spizaetus ornatus vicarius,34
Spizaetus tyrannus,2446
Spizaetus tyrannus serus,14
Spizaetus tyrannus tyrannus,4
Spizella atrogularis,8292
Spizella atrogularis atrogularis,48
Spizella atrogularis cana,30
Spizella breweri,7638
Spizella breweri breweri,298
Spizella breweri taverneri,12
Spizella pallida,21286
Spizella passerina,49232
Spizella passerina arizonae,596
Spizella passerina atremaea,18
Spizella passerina mexicana,312
Spizella passerina passerina,26
Spizella pusilla,190
Spizella pusilla arenacea,24
Spizella wortheni,1236
Sporophila corvina,2452
Sporophila corvina corvina,574
Sporophila funerea,916
Sporophila minuta,3790
Sporophila minuta parva,104
Sporophila morelleti,53108
Sporophila schistacea,4
Sporophila schistacea schistacea,2
Sporophila schistacea subconcolor,2
Sporophila torqueola,58860
Sporophila torqueola atriceps,66
Sporophila torqueola morelleti,384
Sporophila torqueola mutanda,6
Sporophila torqueola sharpei,172
Sporophila torqueola torqueola,490
Starnoenas cyanocephala,2
Stelgidopteryx ruficollis,170
Stelgidopteryx ruficollis ruficollis,10
Stelgidopteryx serripennis,110802
Stelgidopteryx serripennis fulvipennis,112
Stelgidopteryx serripennis psammochrous,136
Stelgidopteryx serripennis ridgwayi,226
Stelgidopteryx serripennis serripennis,228
Stelgidopteryx serripennis stuarti,70
Stercorarius longicaudus,112
Stercorarius maccormicki,104
Stercorarius parasiticus,1604
Stercorarius pomarinus,1454
Stercorarius skua,4
Sterna dougallii,98
Sterna forsteri,19016
Sterna hirundo,4724
Sterna hirundo hirundo,54
Sterna paradisaea,78
Sternula albifrons,34
Sternula antillarum,7978
Sternula antillarum antillarum,24
Sternula antillarum browni,52
Stilpnia larvata,2964
Streptopelia chinensis,64
Streptopelia decaocto,151930
Streptopelia decaocto decaocto,896
Streptopelia roseogrisea,68
Streptoprocne rutila,2888
Streptoprocne rutila brunnitorques,40
Streptoprocne rutila griseifrons,2
Streptoprocne semicollaris,2838
Streptoprocne zonaris,16864
Streptoprocne zonaris mexicana,270
Streptoprocne zonaris zonaris,2
Strix fulvescens,1092
Strix nebulosa,4
Strix nigrolineata,746
Strix occidentalis,166
Strix occidentalis juanaphillipsae,4
Strix occidentalis lucida,38
Strix sartorii,336
Strix virgata,12198
Sturnella magna,24962
Sturnella magna alticola,168
Sturnella magna argutula,10
Sturnella magna auropectoralis,302
Sturnella magna griscomi,84
Sturnella magna hoopesi,26
Sturnella magna inexpectata,24
Sturnella magna lilianae,20
Sturnella magna magna,2
Sturnella magna mexicana,176
Sturnella magna saundersi,30
Sturnella neglecta,13180
Sturnus vulgaris,32046
Sturnus vulgaris vulgaris,2
Sula dactylatra,1700
Sula dactylatra californica,52
Sula dactylatra dactylatra,14
Sula dactylatra personata,10
Sula granti,352
Sula leucogaster,19184
Sula leucogaster brewsteri,1054
Sula leucogaster leucogaster,26
Sula leucogaster plotus,2
Sula nebouxii,17984
Sula nebouxii nebouxii,258
Sula sula,1136
Sula sula sula,12
Sula sula websteri,332
Synallaxis brachyura,4
Synallaxis erythrothorax,7448
Synallaxis erythrothorax erythrothorax,72
Synallaxis erythrothorax furtiva,260
Synallaxis erythrothorax pacifica,68
Synthliboramphus antiquus,10
Synthliboramphus craveri,1352
Synthliboramphus hypoleucus,130
Synthliboramphus hypoleucus hypoleucus,80
Synthliboramphus hypoleucus scrippsi,118
Synthliboramphus scrippsi,1040
Tachybaptus dominicus,37000
Tachybaptus dominicus bangsi,96
Tachybaptus dominicus brachypterus,172
Tachybaptus dominicus dominicus,2
Tachycineta albilinea,33330
Tachycineta bicolor,15400
Tachycineta thalassina,24246
Tachycineta thalassina brachyptera,366
Tachycineta thalassina thalassina,540
Taeniopygia guttata,10
Tangara nigrocincta,2
Tapera naevia,1644
Tapera naevia excellens,132
Taraba major,1332
Taraba major melanocrissus,132
Tarsiger cyanurus,10
Terenotriccus erythrurus,444
Terenotriccus erythrurus fulvigularis,8
Thalasseus acuflavidus,158
Thalasseus acuflavidus acuflavidus,1212
Thalasseus elegans,13304
Thalasseus maximus,66810
Thalasseus maximus maximus,700
Thalasseus sandvicensis,14754
Thalurania colombica,4
Thalurania furcata,8
Thamnistes anabatinus,150
Thamnistes anabatinus anabatinus,10
Thamnophilus doliatus,19228
Thraupis abbas,42502
Thraupis episcopus,34918
Thraupis episcopus cana,116
Thraupis episcopus episcopus,4
Thryomanes bewickii,98264
Thryomanes bewickii bewickii,30
Thryomanes bewickii brevicauda,4
Thryomanes bewickii cerroensis,186
Thryomanes bewickii charienturus,256
Thryomanes bewickii cryptus,104
Thryomanes bewickii eremophilus,440
Thryomanes bewickii magdalenensis,24
Thryomanes bewickii mexicanus,90
Thryomanes bewickii murinus,118
Thryomanes bewickii sadai,2
Thryophilus pleurostictus,10106
Thryophilus pleurostictus acaciarum,50
Thryophilus pleurostictus nisorius,42
Thryophilus pleurostictus oaxacae,22
Thryophilus pleurostictus oblitus,66
Thryophilus pleurostictus pleurostictus,12
Thryophilus rufalbus,1030
Thryophilus rufalbus rufalbus,32
Thryophilus sinaloa,31924
Thryophilus sinaloa cinereus,106
Thryophilus sinaloa russeus,8
Thryophilus sinaloa sinaloa,112
Thryothorus ludovicianus,14284
Thryothorus ludovicianus albinucha,262
Thryothorus ludovicianus berlandieri,158
Thryothorus ludovicianus lomitensis,22
Thryothorus ludovicianus ludovicianus,2
Thryothorus ludovicianus tropicalis,6
Tiaris olivaceus,23352
Tiaris olivaceus intermedius,54
Tiaris olivaceus pusillus,88
Tigrisoma lineatum,6
Tigrisoma mexicanum,18010
Tilmatura dupontii,2248
Tinamus major,2308
Tinamus major percautus,26
Tinamus major robustus,194
Tityra inquisitor,4650
Tityra inquisitor fraserii,120
Tityra semifasciata,61778
Tityra semifasciata griseiceps,296
Tityra semifasciata hannumi,4
Tityra semifasciata personata,590
Tityra semifasciata semifasciata,2
Todirostrum cinereum,9062
Todirostrum cinereum cinereum,4
Todirostrum cinereum finitimum,122
Todirostrum cinereum virididorsale,6
Tolmomyias sulphurescens,17582
Tolmomyias sulphurescens cinereiceps,2192
Toxostoma bendirei,610
Toxostoma cinereum,11070
Toxostoma cinereum cinereum,838
Toxostoma cinereum mearnsi,360
Toxostoma crissale,1874
Toxostoma crissale coloradense,48
Toxostoma crissale crissale,30
Toxostoma crissale dumosum,28
Toxostoma curvirostre,96476
Toxostoma curvirostre celsum,484
Toxostoma curvirostre curvirostre,558
Toxostoma curvirostre insularum,24
Toxostoma curvirostre maculatum,478
Toxostoma curvirostre oberholseri,254
Toxostoma curvirostre occidentale,136
Toxostoma curvirostre palmeri,164
Toxostoma guttatum,312
Toxostoma lecontei,604
Toxostoma lecontei arenicola,262
Toxostoma lecontei lecontei,170
Toxostoma longirostre,6086
Toxostoma longirostre longirostre,54
Toxostoma longirostre sennetti,314
Toxostoma ocellatum,2064
Toxostoma ocellatum villai,28
Toxostoma redivivum,4304
Toxostoma redivivum redivivum,220
Toxostoma rufum,80
Toxostoma rufum rufum,2
Tringa flavipes,22016
Tringa glareola,34
Tringa incana,1924
Tringa melanoleuca,39324
Tringa semipalmata,59888
Tringa semipalmata inornata,5536
Tringa semipalmata semipalmata,104
Tringa solitaria,11416
Tringa solitaria cinnamomea,150
Tringa solitaria solitaria,86
Tringa stagnatilis,10
Troglodytes aedon,83356
Troglodytes aedon aedon,36
Troglodytes aedon beani,1156
Troglodytes aedon brunneicollis,3438
Troglodytes aedon cahooni,394
Troglodytes aedon intermedius,196
Troglodytes aedon musculus,138
Troglodytes aedon parkmanii,670
Troglodytes aedon peninsularis,6
Troglodytes hiemalis,16
Troglodytes pacificus,4
Troglodytes rufociliatus,3390
Troglodytes rufociliatus rehni,20
Troglodytes rufociliatus rufociliatus,6
Troglodytes sissonii,548
Troglodytes solstitialis,28
Troglodytes tanneri,422
Trogon aurantiiventris,2
Trogon caligatus,22884
Trogon citreolus,27792
Trogon citreolus citreolus,252
Trogon citreolus sumichrasti,152
Trogon collaris,11008
Trogon collaris puella,1298
Trogon elegans,22962
Trogon elegans ambiguus,940
Trogon elegans canescens,302
Trogon elegans goldmani,128
Trogon massena,3126
Trogon massena massena,194
Trogon melanocephalus,24096
Trogon mexicanus,16398
Trogon mexicanus clarus,140
Trogon mexicanus lutescens,40
Trogon mexicanus mexicanus,382
Trogon violaceus braccatus,390
Trogon violaceus caligatus,8
Trogon violaceus violaceus,4
Tunchiornis ochraceiceps,2048
Turdus albicollis,72
Turdus assimilis,27210
Turdus assimilis assimilis,38
Turdus assimilis calliphthongus,30
Turdus assimilis leucauchen,66
Turdus assimilis lygrus,398
Turdus assimilis rubicundus,36
Turdus grayi,129686
Turdus grayi grayi,410
Turdus grayi lanyoni,6
Turdus grayi linnaei,26
Turdus grayi microrhynchus,4
Turdus grayi tamaulipensis,352
Turdus grayi yucatanensis,8
Turdus ignobilis,2
Turdus infuscatus,3904
Turdus migratorius,52432
Turdus migratorius achrusterus,4
Turdus migratorius confinis,1058
Turdus migratorius migratorius,20
Turdus migratorius phillipsi,516
Turdus migratorius propinquus,498
Turdus obsoletus,2
Turdus plebejus,1206
Turdus plebejus differens,42
Turdus rufitorques,8074
Turdus rufopalliatus,91100
Turdus rufopalliatus graysoni,558
Turdus rufopalliatus rufopalliatus,4594
Turdus serranus,14
Tyrannus caudifasciatus caymanensis,2
Tyrannus couchii,40226
Tyrannus crassirostris,38092
Tyrannus crassirostris crassirostris,352
Tyrannus crassirostris pompalis,390
Tyrannus cubensis,4
Tyrannus dominicensis,398
Tyrannus dominicensis dominicensis,2
Tyrannus forficatus,15834
Tyrannus melancholicus,181966
Tyrannus melancholicus melancholicus,4
Tyrannus melancholicus satrapa,1284
Tyrannus savana,5762
Tyrannus savana monachus,248
Tyrannus tyrannus,8226
Tyrannus verticalis,18008
Tyrannus vociferans,96002
Tyrannus vociferans vociferans,1296
Tyrannus vociferans xenopterus,190
Tyto alba,10512
Tyto furcata,18
Tyto furcata pratincola,154
Uria aalge,72
Uria lomvia lomvia,2
Urile pelagicus,1312
Urile penicillatus,10838
Uropsila leucogastra,15346
Uropsila leucogastra brachyura,166
Uropsila leucogastra centralis,2
Uropsila leucogastra leucogastra,78
Uropsila leucogastra pacifica,324
Uropsila leucogastra restricta,10
Vanellus chilensis,132
Vanellus chilensis cayennensis,2
Vermivora chrysoptera,1210
Vermivora cyanoptera,5142
Vireo altiloquus,40
Vireo atricapilla,3974
Vireo bairdi,3716
Vireo bellii,18634
Vireo bellii arizonae,192
Vireo bellii bellii,112
Vireo bellii medius,218
Vireo bellii pusillus,450
Vireo brevipennis,2144
Vireo brevipennis brevipennis,4
Vireo brevipennis browni,16
Vireo cassinii,13612
Vireo cassinii cassinii,276
Vireo cassinii lucasanus,952
Vireo flavifrons,11138
Vireo flavoviridis,16076
Vireo flavoviridis flavoviridis,368
Vireo flavoviridis forreri,218
Vireo gilvus,47042
Vireo gilvus brewsteri,212
Vireo gilvus gilvus,230
Vireo gilvus swainsoni,182
Vireo gilvus victoriae,146
Vireo griseus,48346
Vireo griseus griseus,468
Vireo griseus micrus,128
Vireo griseus perquisitor,52
Vireo gundlachii,14
Vireo huttoni,26842
Vireo huttoni carolinae,118
Vireo huttoni cognatus,380
Vireo huttoni huttoni,20
Vireo huttoni mexicanus,328
Vireo huttoni pacificus,18
Vireo huttoni stephensi,244
Vireo huttoni vulcani,60
Vireo hypochryseus,20100
Vireo hypochryseus hypochryseus,564
Vireo hypochryseus nitidus,6
Vireo hypochryseus sordidus,178
Vireo leucophrys,3616
Vireo leucophrys amauronotus,4
Vireo leucophrys eleanorae,4
Vireo leucophrys strenuus,16
Vireo magister,10716
Vireo magister magister,66
Vireo nanus,26
Vireo nelsoni,1432
Vireo olivaceus,6936
Vireo olivaceus olivaceus,34
Vireo pallens,22180
Vireo pallens ochraceus,14
Vireo pallens pallens,6
Vireo pallens paluster,38
Vireo pallens salvini,42
Vireo pallens semiflavus,130
Vireo philadelphicus,1958
Vireo plumbeus,14382
Vireo plumbeus montanus,12
Vireo plumbeus plumbeus,214
Vireo solitarius,21338
Vireo solitarius alticola,4
Vireo solitarius solitarius,186
Vireo vicinior,1502
Vireolanius melitophrys,4702
Vireolanius melitophrys crossini,4
Vireolanius melitophrys melitophrys,14
Vireolanius melitophrys quercinus,4
Vireolanius pulchellus,2872
Vireolanius pulchellus pulchellus,84
Vireolanius pulchellus ramosi,16
Vireolanius pulchellus verticalis,2
Volatinia jacarina,48416
Volatinia jacarina jacarina,2
Volatinia jacarina splendens,914
Xanthocephalus xanthocephalus,13852
Xanthopsar flavus,2
Xema sabini,588
Xenops minutus,2580
Xenops minutus genibarbis,2
Xenops minutus mexicanus,166
Xenospiza baileyi,1894
Xenotriccus callizonus,1084
Xenotriccus mexicanus,2124
Xenus cinereus,6
Xiphocolaptes promeropirhynchus,1100
Xiphocolaptes promeropirhynchus emigrans,80
Xiphocolaptes promeropirhynchus omiltemensis,134
Xiphocolaptes promeropirhynchus sclateri,68
Xiphorhynchus erythropygius,1958
Xiphorhynchus erythropygius erythropygius,230
Xiphorhynchus erythropygius parvus,112
Xiphorhynchus flavigaster,41832
Xiphorhynchus flavigaster eburneirostris,358
Xiphorhynchus flavigaster flavigaster,186
Xiphorhynchus flavigaster mentalis,212
Xiphorhynchus flavigaster saltuarius,114
Xiphorhynchus flavigaster tardus,130
Xiphorhynchus flavigaster yucatanensis,200
Xiphorhynchus triangularis,10
Zenaida asiatica,275108
Zenaida asiatica asiatica,172
Zenaida asiatica mearnsi,620
Zenaida aurita,2594
Zenaida aurita salvadorii,2
Zenaida graysoni,120
Zenaida macroura,96406
Zenaida macroura carolinensis,106
Zenaida macroura clarionensis,126
Zenaida macroura macroura,12
Zenaida macroura marginella,258
Zentrygon albifacies,3382
Zentrygon carrikeri,742
Zentrygon lawrencii,28
Zentrygon linearis,2
Zimmerius vilissimus,2106
Zimmerius vilissimus vilissimus,42
Zonotrichia albicollis,262
Zonotrichia atricapilla,598
Zonotrichia capensis,11722
Zonotrichia capensis septentrionalis,160
Zonotrichia leucophrys,27898
Zonotrichia leucophrys gambelii,4502
Zonotrichia leucophrys leucophrys,148
Zonotrichia leucophrys oriantha,1468
Zonotrichia leucophrys pugetensis,4
Zonotrichia querula,12
